X,CH2,CH3,CH4,Start,Increment,
Sequence,Volt,Volt,Volt,-6.720000e-03,2.000000e-05
0,0.00e+00,1.44e-02,-8.00e-02,
1,4.00e-01,3.20e-03,1.60e-01,
2,0.00e+00,1.28e-02,1.60e-01,
3,4.00e-01,0.00e+00,-8.00e-02,
4,0.00e+00,1.60e-03,1.60e-01,
5,4.00e-01,1.28e-02,-8.00e-02,
6,0.00e+00,1.44e-02,1.60e-01,
7,4.00e-01,8.00e-04,-8.00e-02,
8,0.00e+00,1.36e-02,1.60e-01,
9,4.00e-01,0.00e+00,-1.60e-01,
10,4.00e-01,8.00e-04,1.60e-01,
11,0.00e+00,1.36e-02,-8.00e-02,
12,0.00e+00,2.40e-03,1.60e-01,
13,4.00e-01,1.28e-02,-8.00e-02,
14,0.00e+00,3.20e-03,1.60e-01,
15,4.00e-01,1.28e-02,-8.00e-02,
16,4.00e-01,1.20e-02,1.60e-01,
17,0.00e+00,2.40e-03,-8.00e-02,
18,0.00e+00,3.20e-03,-1.60e-01,
19,4.00e-01,1.20e-02,1.60e-01,
20,0.00e+00,1.04e-02,-8.00e-02,
21,4.00e-01,8.00e-04,1.60e-01,
22,0.00e+00,1.60e-03,-8.00e-02,
23,4.00e-01,1.28e-02,1.60e-01,
24,4.00e-01,1.20e-02,-8.00e-02,
25,0.00e+00,1.60e-03,1.60e-01,
26,0.00e+00,1.28e-02,-8.00e-02,
27,4.00e-01,0.00e+00,1.60e-01,
28,0.00e+00,1.04e-02,1.60e-01,
29,4.00e-01,1.60e-03,-8.00e-02,
30,0.00e+00,2.40e-03,1.60e-01,
31,4.00e-01,1.20e-02,-8.00e-02,
32,0.00e+00,1.60e-03,-1.60e-01,
33,4.00e-01,1.20e-02,1.60e-01,
34,0.00e+00,3.20e-03,-8.00e-02,
35,4.00e-01,1.36e-02,1.60e-01,
36,4.00e-01,1.20e-02,1.60e-01,
37,0.00e+00,2.40e-03,-8.00e-02,
38,0.00e+00,8.00e-04,-8.00e-02,
39,4.00e-01,1.12e-02,1.60e-01,
40,0.00e+00,1.12e-02,-8.00e-02,
41,4.00e-01,0.00e+00,1.60e-01,
42,0.00e+00,1.12e-02,-8.00e-02,
43,4.00e-01,0.00e+00,1.60e-01,
44,0.00e+00,1.60e-03,-8.00e-02,
45,4.00e-01,1.12e-02,1.60e-01,
46,0.00e+00,1.20e-02,-8.00e-02,
47,4.00e-01,1.60e-03,1.60e-01,
48,0.00e+00,1.60e-03,1.60e-01,
49,4.00e-01,1.20e-02,-8.00e-02,
50,0.00e+00,1.20e-02,1.60e-01,
51,4.00e-01,8.00e-04,-8.00e-02,
52,0.00e+00,1.60e-03,1.60e-01,
53,4.00e-01,1.52e-02,-8.00e-02,
54,0.00e+00,1.44e-02,-8.00e-02,
55,4.00e-01,0.00e+00,1.60e-01,
56,0.00e+00,1.20e-02,-8.00e-02,
57,4.00e-01,-8.00e-04,1.60e-01,
58,0.00e+00,8.00e-04,-8.00e-02,
59,4.00e-01,1.20e-02,1.60e-01,
60,0.00e+00,-8.00e-04,-8.00e-02,
61,4.00e-01,1.28e-02,1.60e-01,
62,0.00e+00,1.20e-02,-8.00e-02,
63,4.00e-01,0.00e+00,1.60e-01,
64,0.00e+00,1.12e-02,-1.60e-01,
65,4.00e-01,8.00e-04,1.60e-01,
66,0.00e+00,3.20e-03,8.00e-02,
67,4.00e-01,1.52e-02,1.60e-01,
68,0.00e+00,2.40e-03,1.60e-01,
69,4.00e-01,1.36e-02,-8.00e-02,
70,4.00e-01,3.20e-03,8.00e-02,
71,0.00e+00,1.28e-02,1.60e-01,
72,4.00e-01,1.28e-02,1.60e-01,
73,0.00e+00,8.00e-04,-8.00e-02,
74,0.00e+00,8.00e-04,1.60e-01,
75,4.00e-01,1.12e-02,8.00e-02,
76,4.00e-01,1.12e-02,-8.00e-02,
77,0.00e+00,0.00e+00,1.60e-01,
78,0.00e+00,0.00e+00,1.60e-01,
79,4.00e-01,1.12e-02,-1.60e-01,
80,0.00e+00,1.04e-02,-8.00e-02,
81,4.00e-01,1.60e-03,1.60e-01,
82,0.00e+00,1.20e-02,-8.00e-02,
83,4.00e-01,8.00e-04,1.60e-01,
84,0.00e+00,-8.00e-04,1.60e-01,
85,4.00e-01,1.20e-02,-8.00e-02,
86,0.00e+00,1.28e-02,-8.00e-02,
87,4.00e-01,0.00e+00,1.60e-01,
88,0.00e+00,-8.00e-04,-8.00e-02,
89,4.00e-01,1.20e-02,1.60e-01,
90,0.00e+00,3.20e-03,-8.00e-02,
91,4.00e-01,1.44e-02,1.60e-01,
92,0.00e+00,1.28e-02,1.60e-01,
93,4.00e-01,3.20e-03,-8.00e-02,
94,0.00e+00,1.52e-02,1.60e-01,
95,4.00e-01,3.20e-03,-8.00e-02,
96,0.00e+00,1.20e-02,1.60e-01,
97,4.00e-01,1.60e-03,-8.00e-02,
98,0.00e+00,1.60e-03,1.60e-01,
99,4.00e-01,1.20e-02,-8.00e-02,
100,4.00e-01,0.00e+00,1.60e-01,
101,0.00e+00,1.12e-02,-8.00e-02,
102,0.00e+00,1.04e-02,-8.00e-02,
103,4.00e-01,8.00e-04,1.60e-01,
104,0.00e+00,3.20e-03,1.60e-01,
105,4.00e-01,1.28e-02,-8.00e-02,
106,0.00e+00,2.40e-03,1.60e-01,
107,4.00e-01,1.28e-02,-8.00e-02,
108,0.00e+00,1.04e-02,-8.00e-02,
109,4.00e-01,-1.60e-03,1.60e-01,
110,0.00e+00,1.04e-02,-8.00e-02,
111,4.00e-01,8.00e-04,1.60e-01,
112,0.00e+00,3.20e-03,1.60e-01,
113,4.00e-01,1.28e-02,-8.00e-02,
114,0.00e+00,1.36e-02,-8.00e-02,
115,4.00e-01,1.60e-03,1.60e-01,
116,0.00e+00,1.28e-02,1.60e-01,
117,4.00e-01,1.60e-03,-8.00e-02,
118,0.00e+00,2.40e-03,-8.00e-02,
119,4.00e-01,1.28e-02,1.60e-01,
120,4.00e-01,1.20e-02,-8.00e-02,
121,0.00e+00,2.40e-03,1.60e-01,
122,0.00e+00,0.00e+00,-8.00e-02,
123,4.00e-01,1.28e-02,1.60e-01,
124,4.00e-01,1.20e-02,1.60e-01,
125,0.00e+00,1.60e-03,-8.00e-02,
126,0.00e+00,1.60e-03,-8.00e-02,
127,4.00e-01,1.44e-02,1.60e-01,
128,0.00e+00,1.12e-02,1.60e-01,
129,4.00e-01,-3.20e-03,-8.00e-02,
130,0.00e+00,1.60e-03,8.00e-02,
131,4.00e-01,1.04e-02,1.60e-01,
132,0.00e+00,1.20e-02,1.60e-01,
133,4.00e-01,-8.00e-04,-8.00e-02,
134,0.00e+00,8.00e-04,1.60e-01,
135,4.00e-01,1.20e-02,-1.60e-01,
136,4.00e-01,9.60e-03,1.60e-01,
137,0.00e+00,1.60e-03,-8.00e-02,
138,4.00e-01,8.00e-04,1.60e-01,
139,0.00e+00,1.12e-02,-8.00e-02,
140,0.00e+00,1.60e-03,-8.00e-02,
141,4.00e-01,1.04e-02,1.60e-01,
142,0.00e+00,0.00e+00,-8.00e-02,
143,4.00e-01,1.28e-02,1.60e-01,
144,0.00e+00,3.20e-03,-8.00e-02,
145,4.00e-01,1.44e-02,1.60e-01,
146,0.00e+00,1.60e-03,1.60e-01,
147,4.00e-01,1.20e-02,-8.00e-02,
148,0.00e+00,1.12e-02,-8.00e-02,
149,4.00e-01,1.60e-03,1.60e-01,
150,4.00e-01,1.60e-03,1.60e-01,
151,0.00e+00,1.20e-02,-8.00e-02,
152,0.00e+00,1.04e-02,-8.00e-02,
153,4.00e-01,1.60e-03,1.60e-01,
154,0.00e+00,0.00e+00,1.60e-01,
155,4.00e-01,1.04e-02,-8.00e-02,
156,0.00e+00,1.12e-02,1.60e-01,
157,4.00e-01,8.00e-04,-1.60e-01,
158,0.00e+00,1.60e-03,-8.00e-02,
159,4.00e-01,1.04e-02,1.60e-01,
160,0.00e+00,1.20e-02,1.60e-01,
161,4.00e-01,3.20e-03,-8.00e-02,
162,0.00e+00,1.28e-02,-8.00e-02,
163,4.00e-01,1.60e-03,1.60e-01,
164,0.00e+00,1.04e-02,-8.00e-02,
165,4.00e-01,8.00e-04,1.60e-01,
166,0.00e+00,1.28e-02,-8.00e-02,
167,4.00e-01,2.40e-03,1.60e-01,
168,0.00e+00,1.20e-02,-8.00e-02,
169,4.00e-01,1.60e-03,1.60e-01,
170,0.00e+00,1.12e-02,1.60e-01,
171,4.00e-01,1.60e-03,-8.00e-02,
172,0.00e+00,8.00e-04,-8.00e-02,
173,4.00e-01,1.20e-02,1.60e-01,
174,0.00e+00,-1.60e-03,1.60e-01,
175,4.00e-01,1.20e-02,-8.00e-02,
176,0.00e+00,1.12e-02,-8.00e-02,
177,4.00e-01,0.00e+00,1.60e-01,
178,0.00e+00,1.60e-03,1.60e-01,
179,4.00e-01,1.20e-02,-8.00e-02,
180,0.00e+00,1.60e-03,-8.00e-02,
181,4.00e-01,1.12e-02,1.60e-01,
182,0.00e+00,1.20e-02,1.60e-01,
183,4.00e-01,1.60e-03,-8.00e-02,
184,0.00e+00,1.60e-03,1.60e-01,
185,4.00e-01,1.12e-02,-8.00e-02,
186,0.00e+00,3.20e-03,1.60e-01,
187,4.00e-01,1.36e-02,0.00e+00,
188,0.00e+00,1.12e-02,1.60e-01,
189,4.00e-01,-8.00e-04,-8.00e-02,
190,4.00e-01,1.12e-02,1.60e-01,
191,0.00e+00,1.60e-03,-8.00e-02,
192,0.00e+00,1.20e-02,1.60e-01,
193,4.00e-01,2.40e-03,-8.00e-02,
194,0.00e+00,3.20e-03,1.60e-01,
195,4.00e-01,1.20e-02,-8.00e-02,
196,4.00e-01,1.20e-02,1.60e-01,
197,0.00e+00,1.60e-03,-8.00e-02,
198,0.00e+00,1.12e-02,1.60e-01,
199,4.00e-01,8.00e-04,-8.00e-02,
200,0.00e+00,1.04e-02,1.60e-01,
201,4.00e-01,1.60e-03,-8.00e-02,
202,4.00e-01,2.40e-03,-8.00e-02,
203,0.00e+00,1.44e-02,1.60e-01,
204,4.00e-01,1.04e-02,1.60e-01,
205,0.00e+00,8.00e-04,-8.00e-02,
206,4.00e-01,1.60e-03,-8.00e-02,
207,0.00e+00,1.12e-02,1.60e-01,
208,0.00e+00,0.00e+00,1.60e-01,
209,4.00e-01,1.20e-02,-8.00e-02,
210,0.00e+00,1.60e-03,1.60e-01,
211,4.00e-01,1.44e-02,-8.00e-02,
212,0.00e+00,1.60e-03,1.60e-01,
213,4.00e-01,1.20e-02,-8.00e-02,
214,0.00e+00,1.04e-02,1.60e-01,
215,4.00e-01,1.60e-03,-1.60e-01,
216,0.00e+00,1.60e-03,-8.00e-02,
217,4.00e-01,1.04e-02,1.60e-01,
218,0.00e+00,1.44e-02,1.60e-01,
219,4.00e-01,3.20e-03,-8.00e-02,
220,0.00e+00,1.20e-02,1.60e-01,
221,4.00e-01,3.20e-03,-8.00e-02,
222,0.00e+00,8.00e-04,-8.00e-02,
223,4.00e-01,1.20e-02,1.60e-01,
224,4.00e-01,-2.40e-03,1.60e-01,
225,0.00e+00,1.28e-02,-8.00e-02,
226,0.00e+00,0.00e+00,1.60e-01,
227,4.00e-01,1.44e-02,-8.00e-02,
228,0.00e+00,1.20e-02,1.60e-01,
229,4.00e-01,2.40e-03,-1.60e-01,
230,0.00e+00,1.20e-02,-8.00e-02,
231,4.00e-01,8.00e-04,1.60e-01,
232,0.00e+00,1.04e-02,1.60e-01,
233,4.00e-01,-8.00e-04,-8.00e-02,
234,4.00e-01,0.00e+00,1.60e-01,
235,0.00e+00,1.20e-02,-8.00e-02,
236,4.00e-01,1.20e-02,1.60e-01,
237,0.00e+00,1.60e-03,-8.00e-02,
238,0.00e+00,1.04e-02,-8.00e-02,
239,4.00e-01,1.60e-03,1.60e-01,
240,0.00e+00,1.60e-03,1.60e-01,
241,4.00e-01,1.20e-02,-8.00e-02,
242,0.00e+00,1.28e-02,-8.00e-02,
243,4.00e-01,2.40e-03,1.60e-01,
244,0.00e+00,1.28e-02,1.60e-01,
245,4.00e-01,1.60e-03,-1.60e-01,
246,4.00e-01,3.20e-03,1.60e-01,
247,0.00e+00,1.36e-02,-8.00e-02,
248,0.00e+00,1.20e-02,1.60e-01,
249,4.00e-01,1.60e-03,-8.00e-02,
250,0.00e+00,8.00e-04,1.60e-01,
251,4.00e-01,1.20e-02,0.00e+00,
252,0.00e+00,3.20e-03,1.60e-01,
253,4.00e-01,1.36e-02,-8.00e-02,
254,4.00e-01,1.20e-02,1.60e-01,
255,0.00e+00,1.60e-03,-8.00e-02,
256,0.00e+00,1.28e-02,1.60e-01,
257,4.00e-01,-8.00e-04,-8.00e-02,
258,0.00e+00,1.20e-02,1.60e-01,
259,4.00e-01,1.60e-03,-8.00e-02,
260,4.00e-01,1.60e-03,-8.00e-02,
261,0.00e+00,1.04e-02,1.60e-01,
262,0.00e+00,3.20e-03,1.60e-01,
263,4.00e-01,1.12e-02,-8.00e-02,
264,0.00e+00,8.00e-04,1.60e-01,
265,4.00e-01,1.20e-02,-8.00e-02,
266,4.00e-01,1.60e-03,-8.00e-02,
267,0.00e+00,1.52e-02,1.60e-01,
268,0.00e+00,1.12e-02,1.60e-01,
269,4.00e-01,1.60e-03,-8.00e-02,
270,0.00e+00,8.00e-04,-8.00e-02,
271,4.00e-01,1.20e-02,1.60e-01,
272,0.00e+00,1.20e-02,1.60e-01,
273,4.00e-01,1.60e-03,-8.00e-02,
274,4.00e-01,1.60e-03,1.60e-01,
275,0.00e+00,1.04e-02,-8.00e-02,
276,0.00e+00,1.60e-03,-8.00e-02,
277,4.00e-01,1.04e-02,1.60e-01,
278,0.00e+00,1.60e-03,1.60e-01,
279,4.00e-01,1.04e-02,-1.60e-01,
280,0.00e+00,1.60e-03,-8.00e-02,
281,4.00e-01,1.28e-02,1.60e-01,
282,0.00e+00,1.04e-02,1.60e-01,
283,4.00e-01,8.00e-04,-8.00e-02,
284,0.00e+00,8.00e-04,-8.00e-02,
285,4.00e-01,1.36e-02,1.60e-01,
286,0.00e+00,1.12e-02,1.60e-01,
287,4.00e-01,3.20e-03,-8.00e-02,
288,0.00e+00,3.20e-03,1.60e-01,
289,4.00e-01,1.20e-02,-8.00e-02,
290,0.00e+00,8.00e-04,-8.00e-02,
291,4.00e-01,1.28e-02,1.60e-01,
292,0.00e+00,1.28e-02,-8.00e-02,
293,4.00e-01,3.20e-03,1.60e-01,
294,0.00e+00,3.20e-03,1.60e-01,
295,4.00e-01,1.28e-02,-8.00e-02,
296,0.00e+00,2.40e-03,1.60e-01,
297,4.00e-01,1.20e-02,-8.00e-02,
298,0.00e+00,3.20e-03,-8.00e-02,
299,4.00e-01,1.20e-02,1.60e-01,
300,0.00e+00,4.00e-03,1.60e-01,
301,4.00e-01,1.44e-02,-1.60e-01,
302,0.00e+00,8.00e-04,1.60e-01,
303,4.00e-01,1.28e-02,-1.60e-01,
304,4.00e-01,3.20e-03,1.60e-01,
305,0.00e+00,1.20e-02,-8.00e-02,
306,0.00e+00,1.36e-02,1.60e-01,
307,4.00e-01,3.20e-03,-8.00e-02,
308,4.00e-01,1.28e-02,1.60e-01,
309,0.00e+00,1.60e-03,-1.60e-01,
310,0.00e+00,1.12e-02,-8.00e-02,
311,4.00e-01,8.00e-04,1.60e-01,
312,0.00e+00,1.20e-02,1.60e-01,
313,4.00e-01,8.00e-04,-8.00e-02,
314,0.00e+00,1.60e-03,-8.00e-02,
315,4.00e-01,1.12e-02,1.60e-01,
316,0.00e+00,1.04e-02,1.60e-01,
317,4.00e-01,1.60e-03,-1.60e-01,
318,0.00e+00,1.60e-03,1.60e-01,
319,4.00e-01,1.28e-02,-1.60e-01,
320,4.00e-01,1.20e-02,1.60e-01,
321,0.00e+00,3.20e-03,-1.60e-01,
322,0.00e+00,1.04e-02,1.60e-01,
323,4.00e-01,1.60e-03,-1.60e-01,
324,0.00e+00,1.12e-02,1.60e-01,
325,4.00e-01,2.40e-03,-1.60e-01,
326,0.00e+00,3.20e-03,1.60e-01,
327,4.00e-01,1.12e-02,-1.60e-01,
328,0.00e+00,1.12e-02,1.60e-01,
329,4.00e-01,3.20e-03,-1.60e-01,
330,0.00e+00,1.04e-02,1.60e-01,
331,4.00e-01,2.40e-03,-1.60e-01,
332,0.00e+00,1.20e-02,1.60e-01,
333,4.00e-01,1.60e-03,-1.60e-01,
334,4.00e-01,3.20e-03,1.60e-01,
335,0.00e+00,1.20e-02,-1.60e-01,
336,0.00e+00,1.20e-02,5.84e+00,
337,4.00e-01,1.60e-03,4.80e+00,
338,4.00e-01,2.40e-03,5.28e+00,
339,0.00e+00,1.04e-02,4.72e+00,
340,0.00e+00,6.40e-03,5.20e+00,
341,4.00e-01,8.80e-03,4.72e+00,
342,-1.20e+01,8.80e-03,4.64e+00,
343,1.24e+01,-8.00e-03,5.52e+00,
344,4.00e-01,-7.20e-03,5.20e+00,
345,8.00e-01,-2.40e-03,4.72e+00,
346,8.00e-01,-5.60e-03,4.72e+00,
347,0.00e+00,-2.40e-03,5.20e+00,
348,8.00e-01,-2.40e-03,5.20e+00,
349,0.00e+00,-5.60e-03,4.72e+00,
350,0.00e+00,-2.40e-03,5.20e+00,
351,8.00e-01,-1.76e-02,4.80e+00,
352,8.00e-01,-1.36e-02,5.20e+00,
353,0.00e+00,-5.28e-02,4.80e+00,
354,8.00e-01,-4.64e-02,4.72e+00,
355,0.00e+00,-6.08e-02,5.20e+00,
356,8.00e-01,-5.76e-02,4.80e+00,
357,0.00e+00,-2.96e-02,5.20e+00,
358,0.00e+00,-3.52e-02,5.20e+00,
359,4.00e-01,7.20e-03,4.80e+00,
360,0.00e+00,3.20e-03,5.20e+00,
361,8.00e-01,4.00e-02,4.80e+00,
362,4.00e-01,3.60e-02,5.20e+00,
363,0.00e+00,5.60e-02,4.80e+00,
364,4.00e-01,5.44e-02,5.20e+00,
365,0.00e+00,3.60e-02,4.80e+00,
366,0.00e+00,4.08e-02,5.20e+00,
367,4.00e-01,1.04e-02,4.80e+00,
368,0.00e+00,1.68e-02,5.20e+00,
369,4.00e-01,-1.28e-02,4.80e+00,
370,0.00e+00,-7.20e-03,5.20e+00,
371,4.00e-01,-2.56e-02,4.80e+00,
372,0.00e+00,-2.64e-02,5.20e+00,
373,4.00e-01,-1.52e-02,4.80e+00,
374,0.00e+00,-2.00e-02,5.20e+00,
375,4.00e-01,2.40e-03,4.80e+00,
376,0.00e+00,-3.20e-03,5.20e+00,
377,4.00e-01,1.92e-02,4.80e+00,
378,4.00e-01,1.28e-02,5.20e+00,
379,0.00e+00,2.88e-02,4.80e+00,
380,0.00e+00,3.12e-02,5.20e+00,
381,4.00e-01,1.84e-02,4.80e+00,
382,4.00e-01,2.80e-02,5.20e+00,
383,0.00e+00,8.80e-03,4.80e+00,
384,0.00e+00,1.52e-02,5.20e+00,
385,4.00e-01,-1.60e-03,4.80e+00,
386,0.00e+00,4.80e-03,5.20e+00,
387,4.00e-01,-7.20e-03,4.72e+00,
388,4.00e-01,-7.20e-03,5.20e+00,
389,0.00e+00,2.40e-03,4.72e+00,
390,4.00e-01,-4.80e-03,5.20e+00,
391,0.00e+00,8.00e-03,4.80e+00,
392,0.00e+00,0.00e+00,5.20e+00,
393,4.00e-01,1.44e-02,4.80e+00,
394,0.00e+00,8.00e-03,5.20e+00,
395,4.00e-01,1.68e-02,4.80e+00,
396,0.00e+00,1.68e-02,5.20e+00,
397,4.00e-01,8.00e-03,4.72e+00,
398,0.00e+00,1.60e-02,5.20e+00,
399,4.00e-01,4.00e-03,4.72e+00,
400,4.00e-01,1.04e-02,5.20e+00,
401,0.00e+00,8.00e-04,4.80e+00,
402,4.00e-01,-1.60e-03,5.20e+00,
403,0.00e+00,8.80e-03,4.72e+00,
404,0.00e+00,1.60e-03,4.72e+00,
405,4.00e-01,1.04e-02,5.20e+00,
406,0.00e+00,4.00e-03,5.20e+00,
407,4.00e-01,1.28e-02,4.80e+00,
408,0.00e+00,1.44e-02,5.20e+00,
409,4.00e-01,4.00e-03,4.72e+00,
410,0.00e+00,1.44e-02,5.20e+00,
411,4.00e-01,3.20e-03,4.72e+00,
412,0.00e+00,1.04e-02,5.20e+00,
413,4.00e-01,8.00e-04,4.72e+00,
414,0.00e+00,8.80e-03,4.80e+00,
415,4.00e-01,-1.60e-03,5.20e+00,
416,0.00e+00,-3.20e-03,5.20e+00,
417,4.00e-01,8.00e-03,4.72e+00,
418,0.00e+00,0.00e+00,5.20e+00,
419,4.00e-01,1.28e-02,4.72e+00,
420,0.00e+00,1.60e-03,5.20e+00,
421,4.00e-01,1.44e-02,4.72e+00,
422,0.00e+00,1.60e-02,4.72e+00,
423,4.00e-01,5.60e-03,5.20e+00,
424,0.00e+00,6.40e-03,5.20e+00,
425,4.00e-01,1.52e-02,4.72e+00,
426,4.00e-01,1.28e-02,5.20e+00,
427,0.00e+00,0.00e+00,4.72e+00,
428,0.00e+00,1.20e-02,5.20e+00,
429,4.00e-01,8.00e-04,4.72e+00,
430,0.00e+00,8.00e-03,5.20e+00,
431,4.00e-01,-8.00e-04,4.72e+00,
432,0.00e+00,-1.60e-03,5.20e+00,
433,4.00e-01,9.60e-03,4.72e+00,
434,0.00e+00,-8.00e-04,5.20e+00,
435,4.00e-01,1.12e-02,4.80e+00,
436,0.00e+00,2.40e-03,5.20e+00,
437,4.00e-01,1.44e-02,4.80e+00,
438,0.00e+00,6.40e-03,5.20e+00,
439,4.00e-01,1.60e-02,4.72e+00,
440,0.00e+00,1.44e-02,5.20e+00,
441,4.00e-01,4.80e-03,4.72e+00,
442,4.00e-01,1.20e-02,5.20e+00,
443,0.00e+00,1.60e-03,4.72e+00,
444,4.00e-01,1.04e-02,5.20e+00,
445,0.00e+00,-8.00e-04,4.72e+00,
446,0.00e+00,0.00e+00,4.72e+00,
447,4.00e-01,8.80e-03,5.20e+00,
448,0.00e+00,0.00e+00,5.20e+00,
449,4.00e-01,9.60e-03,4.72e+00,
450,0.00e+00,1.60e-03,5.20e+00,
451,4.00e-01,1.04e-02,4.72e+00,
452,0.00e+00,8.00e-04,5.20e+00,
453,4.00e-01,1.28e-02,4.72e+00,
454,0.00e+00,1.60e-03,5.20e+00,
455,4.00e-01,1.28e-02,4.72e+00,
456,0.00e+00,1.36e-02,5.20e+00,
457,4.00e-01,4.80e-03,4.72e+00,
458,4.00e-01,3.20e-03,5.20e+00,
459,0.00e+00,1.36e-02,4.72e+00,
460,0.00e+00,1.20e-02,5.20e+00,
461,4.00e-01,8.00e-04,4.72e+00,
462,0.00e+00,1.04e-02,4.72e+00,
463,4.00e-01,0.00e+00,5.20e+00,
464,0.00e+00,-8.00e-04,5.20e+00,
465,4.00e-01,1.12e-02,4.72e+00,
466,0.00e+00,3.20e-03,4.72e+00,
467,4.00e-01,1.28e-02,5.20e+00,
468,0.00e+00,1.28e-02,5.20e+00,
469,4.00e-01,2.40e-03,4.72e+00,
470,0.00e+00,3.20e-03,4.72e+00,
471,4.00e-01,1.36e-02,5.20e+00,
472,0.00e+00,4.00e-03,4.72e+00,
473,4.00e-01,1.36e-02,5.20e+00,
474,0.00e+00,1.04e-02,5.20e+00,
475,4.00e-01,2.40e-03,4.72e+00,
476,0.00e+00,9.60e-03,4.72e+00,
477,4.00e-01,8.00e-04,5.20e+00,
478,4.00e-01,1.60e-03,4.72e+00,
479,0.00e+00,1.04e-02,5.20e+00,
480,0.00e+00,1.44e-02,4.72e+00,
481,4.00e-01,1.60e-03,5.20e+00,
482,0.00e+00,1.60e-03,5.12e+00,
483,4.00e-01,1.36e-02,4.72e+00,
484,0.00e+00,4.00e-03,4.72e+00,
485,4.00e-01,1.28e-02,5.20e+00,
486,0.00e+00,1.20e-02,4.72e+00,
487,4.00e-01,2.40e-03,5.20e+00,
488,0.00e+00,1.20e-02,4.72e+00,
489,4.00e-01,-8.00e-04,5.20e+00,
490,0.00e+00,8.00e-04,4.72e+00,
491,4.00e-01,9.60e-03,5.20e+00,
492,0.00e+00,9.60e-03,4.72e+00,
493,4.00e-01,8.00e-04,5.20e+00,
494,0.00e+00,1.12e-02,4.72e+00,
495,4.00e-01,8.00e-04,4.96e+00,
496,0.00e+00,1.60e-03,4.72e+00,
497,4.00e-01,1.12e-02,5.20e+00,
498,0.00e+00,8.00e-04,4.72e+00,
499,4.00e-01,1.28e-02,5.12e+00,
500,0.00e+00,3.20e-03,4.72e+00,
501,4.00e-01,1.44e-02,5.20e+00,
502,0.00e+00,1.20e-02,4.72e+00,
503,4.00e-01,1.60e-03,5.12e+00,
504,4.00e-01,0.00e+00,5.12e+00,
505,0.00e+00,1.20e-02,4.72e+00,
506,0.00e+00,1.04e-02,4.72e+00,
507,4.00e-01,-8.00e-04,5.12e+00,
508,0.00e+00,1.12e-02,4.72e+00,
509,4.00e-01,0.00e+00,5.12e+00,
510,4.00e-01,1.60e-03,4.72e+00,
511,0.00e+00,1.04e-02,5.12e+00,
512,0.00e+00,8.00e-04,4.72e+00,
513,4.00e-01,1.20e-02,5.12e+00,
514,0.00e+00,1.28e-02,4.72e+00,
515,4.00e-01,4.00e-03,5.20e+00,
516,0.00e+00,3.20e-03,4.72e+00,
517,4.00e-01,1.36e-02,5.12e+00,
518,0.00e+00,1.36e-02,4.72e+00,
519,4.00e-01,3.20e-03,5.12e+00,
520,0.00e+00,1.04e-02,4.72e+00,
521,4.00e-01,1.60e-03,5.12e+00,
522,0.00e+00,1.28e-02,5.12e+00,
523,4.00e-01,1.60e-03,4.72e+00,
524,0.00e+00,8.00e-04,4.72e+00,
525,4.00e-01,1.20e-02,5.12e+00,
526,0.00e+00,2.40e-03,5.12e+00,
527,4.00e-01,1.28e-02,4.72e+00,
528,0.00e+00,1.28e-02,4.72e+00,
529,4.00e-01,2.40e-03,5.12e+00,
530,0.00e+00,8.00e-04,4.72e+00,
531,4.00e-01,1.28e-02,5.12e+00,
532,0.00e+00,1.12e-02,4.72e+00,
533,4.00e-01,8.00e-04,5.12e+00,
534,0.00e+00,9.60e-03,5.12e+00,
535,4.00e-01,-1.60e-03,4.72e+00,
536,0.00e+00,1.60e-03,5.12e+00,
537,4.00e-01,1.12e-02,4.72e+00,
538,0.00e+00,1.60e-03,4.72e+00,
539,4.00e-01,1.04e-02,5.12e+00,
540,0.00e+00,2.40e-03,4.72e+00,
541,4.00e-01,1.20e-02,5.12e+00,
542,0.00e+00,1.36e-02,5.12e+00,
543,4.00e-01,3.20e-03,4.72e+00,
544,0.00e+00,2.40e-03,4.72e+00,
545,4.00e-01,1.04e-02,5.12e+00,
546,4.00e-01,1.12e-02,4.80e+00,
547,0.00e+00,1.60e-03,4.72e+00,
548,0.00e+00,1.12e-02,5.04e+00,
549,4.00e-01,8.00e-04,4.72e+00,
550,0.00e+00,0.00e+00,4.80e+00,
551,4.00e-01,1.20e-02,4.72e+00,
552,0.00e+00,1.20e-02,4.72e+00,
553,4.00e-01,1.60e-03,5.04e+00,
554,0.00e+00,1.04e-02,4.80e+00,
555,4.00e-01,0.00e+00,4.72e+00,
556,0.00e+00,1.04e-02,4.72e+00,
557,4.00e-01,8.00e-04,5.12e+00,
558,0.00e+00,1.12e-02,4.72e+00,
559,4.00e-01,2.40e-03,5.04e+00,
560,0.00e+00,2.40e-03,4.72e+00,
561,4.00e-01,1.28e-02,5.12e+00,
562,0.00e+00,1.12e-02,4.72e+00,
563,4.00e-01,1.60e-03,5.12e+00,
564,0.00e+00,1.60e-03,5.12e+00,
565,4.00e-01,1.20e-02,4.72e+00,
566,0.00e+00,9.60e-03,4.72e+00,
567,4.00e-01,8.00e-04,5.12e+00,
568,0.00e+00,1.04e-02,4.72e+00,
569,4.00e-01,-8.00e-04,5.12e+00,
570,0.00e+00,1.04e-02,4.72e+00,
571,4.00e-01,1.60e-03,5.12e+00,
572,0.00e+00,1.20e-02,4.72e+00,
573,4.00e-01,2.40e-03,5.12e+00,
574,0.00e+00,3.20e-03,4.72e+00,
575,4.00e-01,1.20e-02,5.12e+00,
576,0.00e+00,3.20e-03,4.72e+00,
577,4.00e-01,1.36e-02,5.12e+00,
578,0.00e+00,1.20e-02,5.12e+00,
579,4.00e-01,1.60e-03,4.72e+00,
580,0.00e+00,9.60e-03,5.12e+00,
581,4.00e-01,8.00e-04,4.72e+00,
582,0.00e+00,8.00e-04,5.12e+00,
583,4.00e-01,1.04e-02,4.72e+00,
584,0.00e+00,1.04e-02,4.72e+00,
585,4.00e-01,0.00e+00,5.12e+00,
586,0.00e+00,3.20e-03,5.12e+00,
587,4.00e-01,1.52e-02,4.72e+00,
588,0.00e+00,1.20e-02,4.72e+00,
589,4.00e-01,1.60e-03,5.12e+00,
590,0.00e+00,1.20e-02,5.12e+00,
591,4.00e-01,2.40e-03,4.72e+00,
592,0.00e+00,2.40e-03,4.72e+00,
593,4.00e-01,1.28e-02,5.12e+00,
594,0.00e+00,1.20e-02,4.72e+00,
595,4.00e-01,1.60e-03,5.12e+00,
596,0.00e+00,8.00e-04,4.72e+00,
597,4.00e-01,1.04e-02,5.12e+00,
598,0.00e+00,3.20e-03,4.72e+00,
599,4.00e-01,1.20e-02,5.12e+00,
600,0.00e+00,1.20e-02,5.12e+00,
601,4.00e-01,3.20e-03,4.72e+00,
602,0.00e+00,1.60e-03,4.72e+00,
603,4.00e-01,1.04e-02,5.12e+00,
604,0.00e+00,2.40e-03,4.72e+00,
605,4.00e-01,1.28e-02,5.04e+00,
606,0.00e+00,1.20e-02,5.20e+00,
607,4.00e-01,2.40e-03,4.64e+00,
608,4.00e-01,1.60e-03,5.20e+00,
609,0.00e+00,1.20e-02,4.72e+00,
610,0.00e+00,9.60e-03,4.80e+00,
611,4.00e-01,8.00e-04,4.72e+00,
612,0.00e+00,1.60e-03,4.72e+00,
613,4.00e-01,1.12e-02,5.04e+00,
614,0.00e+00,3.20e-03,4.80e+00,
615,4.00e-01,1.12e-02,4.72e+00,
616,0.00e+00,1.04e-02,4.72e+00,
617,4.00e-01,8.00e-04,5.12e+00,
618,0.00e+00,1.60e-03,4.72e+00,
619,4.00e-01,1.12e-02,5.04e+00,
620,4.00e-01,3.20e-03,4.72e+00,
621,0.00e+00,1.04e-02,5.12e+00,
622,0.00e+00,1.28e-02,4.72e+00,
623,4.00e-01,2.40e-03,5.12e+00,
624,0.00e+00,1.60e-03,4.72e+00,
625,4.00e-01,1.12e-02,5.12e+00,
626,0.00e+00,1.04e-02,4.72e+00,
627,4.00e-01,1.60e-03,5.12e+00,
628,0.00e+00,1.20e-02,5.12e+00,
629,4.00e-01,8.00e-04,4.72e+00,
630,0.00e+00,-8.00e-04,5.04e+00,
631,4.00e-01,1.12e-02,4.72e+00,
632,4.00e-01,1.60e-03,4.72e+00,
633,0.00e+00,1.04e-02,5.12e+00,
634,0.00e+00,1.60e-03,4.72e+00,
635,4.00e-01,1.20e-02,5.12e+00,
636,0.00e+00,1.04e-02,5.20e+00,
637,4.00e-01,1.60e-03,4.72e+00,
638,0.00e+00,1.12e-02,5.12e+00,
639,4.00e-01,1.60e-03,4.64e+00,
640,0.00e+00,7.20e-03,4.64e+00,
641,4.00e-01,4.80e-03,5.20e+00,
642,1.24e+01,7.20e-03,4.32e+00,
643,-1.20e+01,-1.04e-02,5.36e+00,
644,1.16e+01,-1.36e-02,5.36e+00,
645,-1.16e+01,-5.60e-03,4.48e+00,
646,8.00e-01,-6.40e-03,4.64e+00,
647,0.00e+00,-8.00e-03,5.20e+00,
648,0.00e+00,-8.00e-03,5.20e+00,
649,8.00e-01,-6.40e-03,4.64e+00,
650,0.00e+00,-8.00e-03,4.72e+00,
651,8.00e-01,-6.40e-03,5.12e+00,
652,0.00e+00,-6.40e-03,5.20e+00,
653,8.00e-01,-8.00e-03,4.64e+00,
654,8.00e-01,-4.80e-03,5.20e+00,
655,0.00e+00,-1.28e-02,4.64e+00,
656,0.00e+00,-1.20e-02,5.12e+00,
657,8.00e-01,8.00e-04,-1.28e+00,
658,0.00e+00,-5.60e-03,0.00e+00,
659,8.00e-01,1.04e-02,-1.60e-01,
660,0.00e+00,3.20e-03,0.00e+00,
661,4.00e-01,1.84e-02,-1.60e-01,
662,0.00e+00,1.04e-02,0.00e+00,
663,4.00e-01,2.08e-02,-1.60e-01,
664,0.00e+00,2.00e-02,-1.60e-01,
665,4.00e-01,9.60e-03,0.00e+00,
666,4.00e-01,1.84e-02,-1.60e-01,
667,0.00e+00,5.60e-03,0.00e+00,
668,0.00e+00,1.20e-02,0.00e+00,
669,4.00e-01,-8.00e-04,-1.60e-01,
670,4.00e-01,5.60e-03,-1.60e-01,
671,0.00e+00,-3.20e-03,0.00e+00,
672,0.00e+00,5.60e-03,-1.60e-01,
673,4.00e-01,-3.20e-03,0.00e+00,
674,0.00e+00,-8.00e-04,-1.60e-01,
675,4.00e-01,1.04e-02,0.00e+00,
676,4.00e-01,4.00e-03,-1.60e-01,
677,0.00e+00,1.36e-02,0.00e+00,
678,0.00e+00,1.44e-02,-1.60e-01,
679,4.00e-01,5.60e-03,0.00e+00,
680,0.00e+00,5.60e-03,-1.60e-01,
681,4.00e-01,1.44e-02,0.00e+00,
682,0.00e+00,1.28e-02,-1.60e-01,
683,4.00e-01,4.00e-03,0.00e+00,
684,0.00e+00,1.12e-02,-1.60e-01,
685,4.00e-01,8.00e-04,0.00e+00,
686,0.00e+00,8.00e-04,-1.60e-01,
687,4.00e-01,1.04e-02,0.00e+00,
688,0.00e+00,1.60e-03,-1.60e-01,
689,4.00e-01,1.04e-02,0.00e+00,
690,4.00e-01,1.60e-03,-1.60e-01,
691,0.00e+00,1.12e-02,0.00e+00,
692,0.00e+00,4.00e-03,-1.60e-01,
693,4.00e-01,1.28e-02,0.00e+00,
694,4.00e-01,1.12e-02,-1.60e-01,
695,0.00e+00,3.20e-03,0.00e+00,
696,0.00e+00,1.12e-02,-1.60e-01,
697,4.00e-01,1.60e-03,0.00e+00,
698,4.00e-01,2.40e-03,-1.60e-01,
699,0.00e+00,1.20e-02,0.00e+00,
700,0.00e+00,1.12e-02,-1.60e-01,
701,4.00e-01,8.00e-04,0.00e+00,
702,0.00e+00,1.60e-03,-1.60e-01,
703,4.00e-01,1.12e-02,0.00e+00,
704,0.00e+00,1.28e-02,-1.60e-01,
705,4.00e-01,8.00e-04,0.00e+00,
706,0.00e+00,1.20e-02,-1.60e-01,
707,4.00e-01,8.00e-04,0.00e+00,
708,0.00e+00,1.20e-02,-1.60e-01,
709,4.00e-01,3.20e-03,0.00e+00,
710,0.00e+00,1.60e-03,-1.60e-01,
711,4.00e-01,1.20e-02,0.00e+00,
712,0.00e+00,8.00e-04,0.00e+00,
713,4.00e-01,1.20e-02,-1.60e-01,
714,4.00e-01,-8.00e-04,-1.60e-01,
715,0.00e+00,1.20e-02,0.00e+00,
716,4.00e-01,8.00e-04,-1.60e-01,
717,0.00e+00,1.36e-02,0.00e+00,
718,0.00e+00,1.12e-02,-1.60e-01,
719,4.00e-01,2.40e-03,0.00e+00,
720,0.00e+00,1.20e-02,-1.60e-01,
721,4.00e-01,1.60e-03,0.00e+00,
722,0.00e+00,1.28e-02,-1.60e-01,
723,4.00e-01,3.20e-03,0.00e+00,
724,4.00e-01,4.00e-03,0.00e+00,
725,0.00e+00,1.28e-02,-1.60e-01,
726,4.00e-01,1.20e-02,-1.60e-01,
727,0.00e+00,1.60e-03,0.00e+00,
728,0.00e+00,1.12e-02,0.00e+00,
729,4.00e-01,2.40e-03,-1.60e-01,
730,0.00e+00,1.04e-02,-1.60e-01,
731,4.00e-01,1.60e-03,0.00e+00,
732,0.00e+00,1.04e-02,-8.00e-02,
733,4.00e-01,1.60e-03,-1.60e-01,
734,4.00e-01,1.60e-03,-1.60e-01,
735,0.00e+00,1.36e-02,0.00e+00,
736,0.00e+00,2.40e-03,0.00e+00,
737,4.00e-01,1.28e-02,-1.60e-01,
738,0.00e+00,1.28e-02,-1.60e-01,
739,4.00e-01,3.20e-03,0.00e+00,
740,0.00e+00,1.20e-02,0.00e+00,
741,4.00e-01,3.20e-03,-1.60e-01,
742,0.00e+00,3.20e-03,-1.60e-01,
743,4.00e-01,1.28e-02,0.00e+00,
744,0.00e+00,1.20e-02,-1.60e-01,
745,4.00e-01,1.60e-03,0.00e+00,
746,0.00e+00,1.60e-03,-1.60e-01,
747,4.00e-01,1.12e-02,0.00e+00,
748,4.00e-01,1.04e-02,-1.60e-01,
749,0.00e+00,3.20e-03,0.00e+00,
750,4.00e-01,1.12e-02,-1.60e-01,
751,0.00e+00,1.60e-03,0.00e+00,
752,0.00e+00,1.04e-02,-1.60e-01,
753,4.00e-01,1.60e-03,0.00e+00,
754,0.00e+00,1.04e-02,-1.60e-01,
755,4.00e-01,8.00e-04,0.00e+00,
756,4.00e-01,1.04e-02,-1.60e-01,
757,0.00e+00,1.60e-03,0.00e+00,
758,0.00e+00,2.40e-03,-1.60e-01,
759,4.00e-01,1.20e-02,0.00e+00,
760,0.00e+00,1.20e-02,0.00e+00,
761,4.00e-01,1.60e-03,-1.60e-01,
762,0.00e+00,1.36e-02,-1.60e-01,
763,4.00e-01,1.60e-03,0.00e+00,
764,0.00e+00,1.04e-02,0.00e+00,
765,4.00e-01,1.60e-03,-1.60e-01,
766,0.00e+00,1.20e-02,-1.60e-01,
767,4.00e-01,2.40e-03,0.00e+00,
768,0.00e+00,1.04e-02,0.00e+00,
769,4.00e-01,1.60e-03,-1.60e-01,
770,0.00e+00,1.36e-02,-1.60e-01,
771,4.00e-01,8.00e-04,0.00e+00,
772,0.00e+00,1.20e-02,-1.60e-01,
773,4.00e-01,2.40e-03,0.00e+00,
774,0.00e+00,1.28e-02,-1.60e-01,
775,4.00e-01,1.60e-03,0.00e+00,
776,0.00e+00,4.00e-03,-1.60e-01,
777,4.00e-01,1.20e-02,0.00e+00,
778,0.00e+00,1.12e-02,-1.60e-01,
779,4.00e-01,2.40e-03,0.00e+00,
780,0.00e+00,2.40e-03,-1.60e-01,
781,4.00e-01,1.04e-02,0.00e+00,
782,0.00e+00,1.04e-02,-1.60e-01,
783,4.00e-01,1.60e-03,0.00e+00,
784,4.00e-01,2.40e-03,0.00e+00,
785,0.00e+00,1.04e-02,-1.60e-01,
786,0.00e+00,1.04e-02,-1.60e-01,
787,4.00e-01,1.60e-03,0.00e+00,
788,0.00e+00,1.60e-03,-1.60e-01,
789,4.00e-01,1.20e-02,0.00e+00,
790,4.00e-01,1.20e-02,0.00e+00,
791,0.00e+00,1.60e-03,-1.60e-01,
792,0.00e+00,1.20e-02,0.00e+00,
793,4.00e-01,0.00e+00,-1.60e-01,
794,4.00e-01,1.04e-02,-1.60e-01,
795,0.00e+00,0.00e+00,0.00e+00,
796,4.00e-01,1.60e-03,-1.60e-01,
797,0.00e+00,1.04e-02,0.00e+00,
798,0.00e+00,1.20e-02,-1.60e-01,
799,4.00e-01,1.60e-03,0.00e+00,
800,0.00e+00,1.12e-02,-1.60e-01,
801,4.00e-01,8.00e-04,0.00e+00,
802,0.00e+00,1.44e-02,-1.60e-01,
803,4.00e-01,1.60e-03,0.00e+00,
804,0.00e+00,1.12e-02,0.00e+00,
805,4.00e-01,1.60e-03,-1.60e-01,
806,0.00e+00,1.04e-02,-1.60e-01,
807,4.00e-01,1.60e-03,0.00e+00,
808,0.00e+00,4.00e-03,0.00e+00,
809,4.00e-01,1.20e-02,-1.60e-01,
810,4.00e-01,3.20e-03,0.00e+00,
811,0.00e+00,1.20e-02,-1.60e-01,
812,0.00e+00,1.60e-03,0.00e+00,
813,4.00e-01,1.04e-02,-1.60e-01,
814,0.00e+00,1.12e-02,-1.60e-01,
815,4.00e-01,8.00e-04,1.60e-01,
816,0.00e+00,1.60e-03,-1.60e-01,
817,4.00e-01,1.04e-02,0.00e+00,
818,0.00e+00,3.20e-03,-1.60e-01,
819,4.00e-01,1.20e-02,8.00e-02,
820,0.00e+00,3.20e-03,0.00e+00,
821,4.00e-01,1.28e-02,-1.60e-01,
822,0.00e+00,1.28e-02,-1.60e-01,
823,4.00e-01,-1.60e-03,8.00e-02,
824,0.00e+00,1.04e-02,-1.60e-01,
825,4.00e-01,1.60e-03,8.00e-02,
826,0.00e+00,8.00e-04,-1.60e-01,
827,4.00e-01,1.04e-02,1.60e-01,
828,0.00e+00,1.04e-02,-1.60e-01,
829,4.00e-01,1.60e-03,8.00e-02,
830,0.00e+00,1.60e-03,-1.60e-01,
831,4.00e-01,1.20e-02,8.00e-02,
832,0.00e+00,3.20e-03,-1.60e-01,
833,4.00e-01,1.20e-02,1.60e-01,
834,0.00e+00,3.20e-03,-1.60e-01,
835,4.00e-01,1.28e-02,1.60e-01,
836,0.00e+00,1.04e-02,-1.60e-01,
837,4.00e-01,1.60e-03,1.60e-01,
838,0.00e+00,1.20e-02,1.60e-01,
839,4.00e-01,8.00e-04,-1.60e-01,
840,0.00e+00,9.60e-03,-1.60e-01,
841,4.00e-01,-2.40e-03,1.60e-01,
842,0.00e+00,8.00e-04,1.60e-01,
843,4.00e-01,1.12e-02,-1.60e-01,
844,4.00e-01,1.04e-02,1.60e-01,
845,0.00e+00,0.00e+00,-1.60e-01,
846,4.00e-01,2.40e-03,1.60e-01,
847,0.00e+00,1.44e-02,-1.60e-01,
848,0.00e+00,5.60e-03,1.60e-01,
849,4.00e-01,1.36e-02,-1.60e-01,
850,4.00e-01,3.20e-03,1.60e-01,
851,0.00e+00,1.60e-02,-1.60e-01,
852,0.00e+00,1.36e-02,-8.00e-02,
853,4.00e-01,8.00e-04,1.60e-01,
854,0.00e+00,1.28e-02,1.60e-01,
855,4.00e-01,1.60e-03,-1.60e-01,
856,0.00e+00,1.60e-03,1.60e-01,
857,4.00e-01,1.04e-02,-8.00e-02,
858,0.00e+00,1.04e-02,1.60e-01,
859,4.00e-01,-4.00e-03,-8.00e-02,
860,0.00e+00,-8.00e-04,-8.00e-02,
861,4.00e-01,9.60e-03,1.60e-01,
862,0.00e+00,8.00e-04,-8.00e-02,
863,4.00e-01,1.20e-02,1.60e-01,
864,0.00e+00,1.28e-02,-8.00e-02,
865,4.00e-01,2.40e-03,1.60e-01,
866,0.00e+00,1.20e-02,1.60e-01,
867,4.00e-01,3.20e-03,-1.60e-01,
868,0.00e+00,1.36e-02,1.60e-01,
869,4.00e-01,4.00e-03,-8.00e-02,
870,0.00e+00,1.20e-02,1.60e-01,
871,4.00e-01,8.00e-04,-8.00e-02,
872,0.00e+00,-8.00e-04,1.60e-01,
873,4.00e-01,1.04e-02,-8.00e-02,
874,4.00e-01,9.60e-03,-8.00e-02,
875,0.00e+00,-1.60e-03,1.60e-01,
876,0.00e+00,1.60e-03,1.60e-01,
877,4.00e-01,1.20e-02,-8.00e-02,
878,0.00e+00,1.60e-03,1.60e-01,
879,4.00e-01,1.36e-02,-8.00e-02,
880,0.00e+00,1.44e-02,1.60e-01,
881,4.00e-01,4.00e-03,-8.00e-02,
882,0.00e+00,3.20e-03,-8.00e-02,
883,4.00e-01,1.52e-02,1.60e-01,
884,0.00e+00,1.20e-02,-8.00e-02,
885,4.00e-01,0.00e+00,1.60e-01,
886,0.00e+00,1.60e-03,1.60e-01,
887,4.00e-01,1.04e-02,-8.00e-02,
888,0.00e+00,1.36e-02,-8.00e-02,
889,4.00e-01,8.00e-04,1.60e-01,
890,0.00e+00,1.44e-02,1.60e-01,
891,4.00e-01,4.00e-03,-8.00e-02,
892,0.00e+00,6.40e-03,-8.00e-02,
893,4.00e-01,1.52e-02,1.60e-01,
894,0.00e+00,1.36e-02,-8.00e-02,
895,4.00e-01,4.00e-03,1.60e-01,
896,4.00e-01,1.44e-02,1.60e-01,
897,0.00e+00,2.40e-03,-8.00e-02,
898,0.00e+00,1.36e-02,-8.00e-02,
899,4.00e-01,-1.60e-03,1.60e-01,
900,0.00e+00,-3.20e-03,1.60e-01,
901,4.00e-01,8.00e-03,-8.00e-02,
902,0.00e+00,8.80e-03,-8.00e-02,
903,4.00e-01,-3.20e-03,1.60e-01,
904,0.00e+00,1.60e-03,1.60e-01,
905,4.00e-01,1.20e-02,-8.00e-02,
906,0.00e+00,5.60e-03,-8.00e-02,
907,4.00e-01,1.84e-02,1.60e-01,
908,0.00e+00,1.12e-02,1.60e-01,
909,4.00e-01,2.00e-02,-8.00e-02,
910,4.00e-01,2.00e-02,-8.00e-02,
911,0.00e+00,8.80e-03,1.60e-01,
912,4.00e-01,1.60e-02,1.60e-01,
913,0.00e+00,0.00e+00,-8.00e-02,
914,0.00e+00,-7.20e-03,-8.00e-02,
915,4.00e-01,8.00e-03,1.60e-01,
916,0.00e+00,-1.60e-03,1.60e-01,
917,4.00e-01,-1.20e-02,0.00e+00,
918,0.00e+00,-1.04e-02,-8.00e-02,
919,4.00e-01,2.40e-03,1.60e-01,
920,0.00e+00,-4.00e-03,1.60e-01,
921,4.00e-01,1.28e-02,-8.00e-02,
922,0.00e+00,5.60e-03,-8.00e-02,
923,4.00e-01,2.40e-02,1.60e-01,
924,4.00e-01,1.84e-02,1.60e-01,
925,0.00e+00,3.28e-02,-8.00e-02,
926,0.00e+00,3.20e-02,-8.00e-02,
927,4.00e-01,2.00e-02,1.60e-01,
928,0.00e+00,2.64e-02,1.60e-01,
929,4.00e-01,3.20e-03,-8.00e-02,
930,0.00e+00,8.00e-03,-8.00e-02,
931,4.00e-01,-1.04e-02,1.60e-01,
932,0.00e+00,-5.60e-03,-8.00e-02,
933,4.00e-01,-2.48e-02,1.60e-01,
934,0.00e+00,-1.76e-02,-8.00e-02,
935,4.00e-01,-2.64e-02,1.60e-01,
936,0.00e+00,-2.48e-02,-8.00e-02,
937,4.00e-01,8.00e-04,1.60e-01,
938,0.00e+00,-2.40e-03,1.60e-01,
939,4.00e-01,3.28e-02,-8.00e-02,
940,0.00e+00,2.88e-02,-8.00e-02,
941,4.00e-01,5.68e-02,1.60e-01,
942,0.00e+00,5.84e-02,-8.00e-02,
943,4.00e-01,3.68e-02,1.60e-01,
944,0.00e+00,4.24e-02,1.60e-01,
945,4.00e-01,-4.00e-03,-8.00e-02,
946,0.00e+00,2.40e-03,-8.00e-02,
947,4.00e-01,-3.84e-02,1.60e-01,
948,0.00e+00,-4.32e-02,1.60e-01,
949,4.00e-01,-2.96e-02,-8.00e-02,
950,0.00e+00,-3.60e-02,-8.00e-02,
951,4.00e-01,-2.40e-03,1.60e-01,
952,0.00e+00,-6.40e-03,1.60e-01,
953,4.00e-01,2.24e-02,-8.00e-02,
954,4.00e-01,1.52e-02,-8.00e-02,
955,0.00e+00,3.68e-02,1.60e-01,
956,0.00e+00,3.84e-02,1.60e-01,
957,4.00e-01,2.72e-02,-8.00e-02,
958,0.00e+00,3.36e-02,-8.00e-02,
959,4.00e-01,1.44e-02,1.60e-01,
960,0.00e+00,2.08e-02,-8.00e-02,
961,4.00e-01,1.60e-03,1.60e-01,
962,0.00e+00,7.20e-03,1.60e-01,
963,4.00e-01,-1.36e-02,-8.00e-02,
964,4.00e-01,-1.60e-02,8.00e-02,
965,0.00e+00,-5.60e-03,1.60e-01,
966,0.00e+00,-1.44e-02,1.60e-01,
967,4.00e-01,-8.00e-04,-8.00e-02,
968,0.00e+00,-8.00e-03,1.60e-01,
969,4.00e-01,9.60e-03,0.00e+00,
970,4.00e-01,2.40e-03,1.60e-01,
971,0.00e+00,1.92e-02,-8.00e-02,
972,0.00e+00,1.20e-02,1.60e-01,
973,4.00e-01,2.40e-02,0.00e+00,
974,0.00e+00,2.32e-02,1.60e-01,
975,4.00e-01,1.12e-02,-8.00e-02,
976,0.00e+00,1.76e-02,-8.00e-02,
977,4.00e-01,4.00e-03,1.60e-01,
978,0.00e+00,9.60e-03,1.60e-01,
979,4.00e-01,-2.40e-03,-8.00e-02,
980,4.00e-01,4.80e-03,-8.00e-02,
981,0.00e+00,-4.00e-03,1.60e-01,
982,0.00e+00,-5.60e-03,1.60e-01,
983,4.00e-01,5.60e-03,-8.00e-02,
984,0.00e+00,-1.60e-03,-8.00e-02,
985,4.00e-01,1.12e-02,1.60e-01,
986,0.00e+00,3.20e-03,1.60e-01,
987,4.00e-01,1.44e-02,-8.00e-02,
988,0.00e+00,4.00e-03,1.60e-01,
989,4.00e-01,1.36e-02,-8.00e-02,
990,0.00e+00,1.68e-02,-8.00e-02,
991,4.00e-01,4.80e-03,1.60e-01,
992,0.00e+00,1.20e-02,-8.00e-02,
993,4.00e-01,3.20e-03,1.60e-01,
994,0.00e+00,1.04e-02,-8.00e-02,
995,4.00e-01,1.60e-03,1.60e-01,
996,0.00e+00,8.00e-04,-8.00e-02,
997,4.00e-01,9.60e-03,1.60e-01,
998,4.00e-01,8.00e-04,1.60e-01,
999,0.00e+00,8.80e-03,-8.00e-02,
1000,0.00e+00,1.60e-03,-8.00e-02,
1001,4.00e-01,1.20e-02,1.60e-01,
1002,0.00e+00,4.00e-03,1.60e-01,
1003,4.00e-01,1.28e-02,-8.00e-02,
1004,0.00e+00,4.00e-03,-8.00e-02,
1005,4.00e-01,1.52e-02,1.60e-01,
1006,0.00e+00,1.28e-02,1.60e-01,
1007,4.00e-01,1.60e-03,-8.00e-02,
1008,4.00e-01,8.00e-04,1.60e-01,
1009,0.00e+00,1.04e-02,-8.00e-02,
1010,4.00e-01,0.00e+00,1.60e-01,
1011,0.00e+00,1.04e-02,-8.00e-02,
1012,0.00e+00,1.36e-02,-8.00e-02,
1013,4.00e-01,8.00e-04,1.60e-01,
1014,4.00e-01,1.60e-03,1.60e-01,
1015,0.00e+00,1.12e-02,-8.00e-02,
1016,0.00e+00,1.20e-02,1.60e-01,
1017,4.00e-01,2.40e-03,-8.00e-02,
1018,4.00e-01,2.40e-03,1.60e-01,
1019,0.00e+00,1.20e-02,-8.00e-02,
1020,4.00e-01,1.20e-02,1.60e-01,
1021,0.00e+00,2.40e-03,-8.00e-02,
1022,0.00e+00,-8.00e-04,1.60e-01,
1023,4.00e-01,1.04e-02,-8.00e-02,
1024,0.00e+00,1.04e-02,1.60e-01,
1025,4.00e-01,-8.00e-04,-8.00e-02,
1026,0.00e+00,8.00e-04,1.60e-01,
1027,4.00e-01,1.04e-02,-8.00e-02,
1028,4.00e-01,1.60e-03,1.60e-01,
1029,0.00e+00,1.12e-02,-8.00e-02,
1030,0.00e+00,4.00e-03,1.60e-01,
1031,4.00e-01,1.44e-02,-8.00e-02,
1032,0.00e+00,1.28e-02,1.60e-01,
1033,4.00e-01,4.00e-03,-8.00e-02,
1034,0.00e+00,1.28e-02,1.60e-01,
1035,4.00e-01,2.40e-03,-8.00e-02,
1036,0.00e+00,1.28e-02,1.60e-01,
1037,4.00e-01,1.60e-03,0.00e+00,
1038,0.00e+00,8.00e-04,1.60e-01,
1039,4.00e-01,1.20e-02,-8.00e-02,
1040,4.00e-01,1.44e-02,-8.00e-02,
1041,0.00e+00,0.00e+00,1.60e-01,
1042,0.00e+00,0.00e+00,1.60e-01,
1043,4.00e-01,1.04e-02,-8.00e-02,
1044,0.00e+00,1.04e-02,-8.00e-02,
1045,4.00e-01,1.60e-03,1.60e-01,
1046,0.00e+00,3.20e-03,1.60e-01,
1047,4.00e-01,1.20e-02,-8.00e-02,
1048,4.00e-01,4.00e-03,1.60e-01,
1049,0.00e+00,1.52e-02,-8.00e-02,
1050,0.00e+00,1.28e-02,-8.00e-02,
1051,4.00e-01,4.00e-03,1.60e-01,
1052,0.00e+00,1.12e-02,1.60e-01,
1053,4.00e-01,3.20e-03,-8.00e-02,
1054,0.00e+00,9.60e-03,1.60e-01,
1055,4.00e-01,1.60e-03,-8.00e-02,
1056,0.00e+00,8.00e-04,-8.00e-02,
1057,4.00e-01,1.04e-02,1.60e-01,
1058,0.00e+00,1.60e-03,-8.00e-02,
1059,4.00e-01,1.12e-02,1.60e-01,
1060,0.00e+00,3.20e-03,1.60e-01,
1061,4.00e-01,1.20e-02,-8.00e-02,
1062,0.00e+00,0.00e+00,1.60e-01,
1063,4.00e-01,1.36e-02,-8.00e-02,
1064,0.00e+00,1.52e-02,-8.00e-02,
1065,4.00e-01,1.60e-03,1.60e-01,
1066,0.00e+00,1.60e-03,-8.00e-02,
1067,4.00e-01,1.12e-02,1.60e-01,
1068,0.00e+00,1.20e-02,1.60e-01,
1069,4.00e-01,2.40e-03,-8.00e-02,
1070,0.00e+00,1.20e-02,1.60e-01,
1071,4.00e-01,-8.00e-04,-8.00e-02,
1072,0.00e+00,8.00e-04,-8.00e-02,
1073,4.00e-01,1.12e-02,1.60e-01,
1074,0.00e+00,1.04e-02,-8.00e-02,
1075,4.00e-01,1.60e-03,1.60e-01,
1076,0.00e+00,3.20e-03,1.60e-01,
1077,4.00e-01,1.28e-02,-8.00e-02,
1078,0.00e+00,2.40e-03,-8.00e-02,
1079,4.00e-01,1.44e-02,1.60e-01,
1080,0.00e+00,3.20e-03,1.60e-01,
1081,4.00e-01,1.36e-02,-8.00e-02,
1082,4.00e-01,1.20e-02,1.60e-01,
1083,0.00e+00,2.40e-03,-8.00e-02,
1084,0.00e+00,9.60e-03,1.60e-01,
1085,4.00e-01,8.00e-04,-8.00e-02,
1086,0.00e+00,1.60e-03,1.60e-01,
1087,4.00e-01,1.12e-02,-8.00e-02,
1088,0.00e+00,1.20e-02,1.60e-01,
1089,4.00e-01,2.40e-03,-8.00e-02,
1090,0.00e+00,1.20e-02,1.60e-01,
1091,4.00e-01,2.40e-03,-8.00e-02,
1092,0.00e+00,1.28e-02,1.60e-01,
1093,4.00e-01,3.20e-03,-8.00e-02,
1094,0.00e+00,1.60e-03,1.60e-01,
1095,4.00e-01,1.44e-02,-8.00e-02,
1096,0.00e+00,1.20e-02,1.60e-01,
1097,4.00e-01,2.40e-03,-8.00e-02,
1098,0.00e+00,2.40e-03,1.60e-01,
1099,4.00e-01,1.20e-02,-8.00e-02,
1100,0.00e+00,1.20e-02,-8.00e-02,
1101,4.00e-01,0.00e+00,1.60e-01,
1102,0.00e+00,1.04e-02,1.60e-01,
1103,4.00e-01,8.00e-04,-8.00e-02,
1104,0.00e+00,1.60e-03,1.60e-01,
1105,4.00e-01,1.12e-02,-8.00e-02,
1106,0.00e+00,1.20e-02,1.60e-01,
1107,4.00e-01,3.20e-03,-8.00e-02,
1108,4.00e-01,3.20e-03,1.60e-01,
1109,0.00e+00,1.20e-02,-8.00e-02,
1110,0.00e+00,1.20e-02,1.60e-01,
1111,4.00e-01,2.40e-03,-8.00e-02,
1112,4.00e-01,3.20e-03,-8.00e-02,
1113,0.00e+00,1.20e-02,1.60e-01,
1114,0.00e+00,1.20e-02,1.60e-01,
1115,4.00e-01,1.60e-03,-8.00e-02,
1116,0.00e+00,1.12e-02,-8.00e-02,
1117,4.00e-01,2.40e-03,1.60e-01,
1118,0.00e+00,1.60e-03,-8.00e-02,
1119,4.00e-01,1.20e-02,1.60e-01,
1120,4.00e-01,1.20e-02,-8.00e-02,
1121,0.00e+00,3.20e-03,1.60e-01,
1122,0.00e+00,1.28e-02,-8.00e-02,
1123,4.00e-01,8.00e-04,1.60e-01,
1124,0.00e+00,2.40e-03,-8.00e-02,
1125,4.00e-01,1.20e-02,1.60e-01,
1126,0.00e+00,3.20e-03,-8.00e-02,
1127,4.00e-01,1.20e-02,1.60e-01,
1128,0.00e+00,-8.00e-04,-8.00e-02,
1129,4.00e-01,1.12e-02,1.60e-01,
1130,4.00e-01,1.60e-03,-8.00e-02,
1131,0.00e+00,1.12e-02,1.60e-01,
1132,0.00e+00,1.60e-03,1.60e-01,
1133,4.00e-01,1.12e-02,-8.00e-02,
1134,0.00e+00,1.20e-02,-8.00e-02,
1135,4.00e-01,8.00e-04,1.60e-01,
1136,0.00e+00,1.36e-02,1.60e-01,
1137,4.00e-01,-8.00e-04,-8.00e-02,
1138,0.00e+00,1.20e-02,-8.00e-02,
1139,4.00e-01,1.60e-03,1.60e-01,
1140,0.00e+00,1.12e-02,1.60e-01,
1141,4.00e-01,8.00e-04,-8.00e-02,
1142,0.00e+00,2.40e-03,1.60e-01,
1143,4.00e-01,1.12e-02,-8.00e-02,
1144,0.00e+00,1.60e-03,1.60e-01,
1145,4.00e-01,1.20e-02,-8.00e-02,
1146,0.00e+00,8.00e-04,1.60e-01,
1147,4.00e-01,1.20e-02,-8.00e-02,
1148,0.00e+00,1.12e-02,1.60e-01,
1149,4.00e-01,2.40e-03,0.00e+00,
1150,0.00e+00,3.20e-03,1.60e-01,
1151,4.00e-01,1.20e-02,-8.00e-02,
1152,4.00e-01,3.20e-03,1.60e-01,
1153,0.00e+00,1.28e-02,-8.00e-02,
1154,0.00e+00,3.20e-03,1.60e-01,
1155,4.00e-01,1.28e-02,-8.00e-02,
1156,0.00e+00,1.20e-02,1.60e-01,
1157,4.00e-01,3.20e-03,-8.00e-02,
1158,0.00e+00,1.12e-02,1.60e-01,
1159,4.00e-01,1.60e-03,-8.00e-02,
1160,0.00e+00,1.12e-02,-8.00e-02,
1161,4.00e-01,2.40e-03,1.60e-01,
1162,4.00e-01,1.60e-03,1.60e-01,
1163,0.00e+00,1.20e-02,-8.00e-02,
1164,4.00e-01,1.20e-02,-8.00e-02,
1165,0.00e+00,2.40e-03,1.60e-01,
1166,0.00e+00,1.60e-03,-8.00e-02,
1167,4.00e-01,1.20e-02,1.60e-01,
1168,0.00e+00,1.20e-02,1.60e-01,
1169,4.00e-01,3.20e-03,-8.00e-02,
1170,0.00e+00,1.12e-02,1.60e-01,
1171,4.00e-01,2.40e-03,-8.00e-02,
1172,0.00e+00,1.60e-03,-8.00e-02,
1173,4.00e-01,1.20e-02,1.60e-01,
1174,4.00e-01,1.12e-02,-8.00e-02,
1175,0.00e+00,2.40e-03,1.60e-01,
1176,4.00e-01,2.40e-03,1.60e-01,
1177,0.00e+00,1.20e-02,-8.00e-02,
1178,0.00e+00,3.20e-03,-8.00e-02,
1179,4.00e-01,1.20e-02,1.60e-01,
1180,0.00e+00,1.20e-02,-8.00e-02,
1181,4.00e-01,1.60e-03,1.60e-01,
1182,0.00e+00,1.60e-03,1.60e-01,
1183,4.00e-01,1.28e-02,-8.00e-02,
1184,0.00e+00,3.20e-03,-8.00e-02,
1185,4.00e-01,1.28e-02,1.60e-01,
1186,0.00e+00,1.60e-03,-8.00e-02,
1187,4.00e-01,1.20e-02,1.60e-01,
1188,0.00e+00,3.20e-03,1.60e-01,
1189,4.00e-01,1.28e-02,-8.00e-02,
1190,0.00e+00,2.40e-03,-8.00e-02,
1191,4.00e-01,1.20e-02,1.60e-01,
1192,0.00e+00,3.20e-03,1.60e-01,
1193,4.00e-01,1.36e-02,-8.00e-02,
1194,0.00e+00,1.20e-02,1.60e-01,
1195,4.00e-01,3.20e-03,-8.00e-02,
1196,0.00e+00,1.20e-02,-8.00e-02,
1197,4.00e-01,1.60e-03,1.60e-01,
1198,4.00e-01,1.60e-03,-8.00e-02,
1199,0.00e+00,1.20e-02,1.60e-01,
