X,CH1,CH3,CH4,Start,Increment,
Sequence,Volt,Volt,Volt,-4.060000e-03,1.000000e-05
0,1.64e-01,2.00e+00,0.00e+00,
1,1.64e-01,2.00e+00,0.00e+00,
2,1.64e-01,4.00e+00,0.00e+00,
3,1.64e-01,4.00e+00,0.00e+00,
4,1.72e-01,2.00e+00,0.00e+00,
5,1.72e-01,2.00e+00,0.00e+00,
6,1.60e-01,0.00e+00,0.00e+00,
7,1.60e-01,0.00e+00,0.00e+00,
8,1.68e-01,2.00e+00,0.00e+00,
9,1.68e-01,2.00e+00,0.00e+00,
10,1.68e-01,2.00e+00,0.00e+00,
11,1.68e-01,2.00e+00,0.00e+00,
12,1.68e-01,0.00e+00,0.00e+00,
13,1.68e-01,0.00e+00,0.00e+00,
14,1.68e-01,2.00e+00,0.00e+00,
15,1.68e-01,2.00e+00,0.00e+00,
16,1.64e-01,2.00e+00,0.00e+00,
17,1.64e-01,2.00e+00,0.00e+00,
18,1.64e-01,4.00e+00,0.00e+00,
19,1.64e-01,4.00e+00,0.00e+00,
20,1.64e-01,0.00e+00,0.00e+00,
21,1.64e-01,0.00e+00,0.00e+00,
22,1.68e-01,2.00e+00,0.00e+00,
23,1.68e-01,2.00e+00,0.00e+00,
24,1.68e-01,2.00e+00,-2.00e-01,
25,1.68e-01,2.00e+00,-2.00e-01,
26,1.68e-01,0.00e+00,-2.00e-01,
27,1.68e-01,0.00e+00,-2.00e-01,
28,1.68e-01,0.00e+00,0.00e+00,
29,1.68e-01,0.00e+00,0.00e+00,
30,1.64e-01,4.00e+00,-2.00e-01,
31,1.64e-01,4.00e+00,-2.00e-01,
32,1.64e-01,4.00e+00,0.00e+00,
33,1.64e-01,4.00e+00,0.00e+00,
34,1.68e-01,0.00e+00,0.00e+00,
35,1.68e-01,0.00e+00,0.00e+00,
36,1.64e-01,0.00e+00,0.00e+00,
37,1.64e-01,0.00e+00,0.00e+00,
38,1.68e-01,2.00e+00,0.00e+00,
39,1.68e-01,2.00e+00,0.00e+00,
40,1.68e-01,2.00e+00,0.00e+00,
41,1.68e-01,2.00e+00,0.00e+00,
42,1.68e-01,0.00e+00,0.00e+00,
43,1.68e-01,0.00e+00,0.00e+00,
44,1.68e-01,0.00e+00,-2.00e-01,
45,1.68e-01,0.00e+00,-2.00e-01,
46,1.72e-01,2.00e+00,0.00e+00,
47,1.72e-01,2.00e+00,0.00e+00,
48,1.68e-01,2.00e+00,0.00e+00,
49,1.68e-01,2.00e+00,0.00e+00,
50,1.64e-01,2.00e+00,2.00e-01,
51,1.64e-01,2.00e+00,2.00e-01,
52,1.64e-01,2.00e+00,0.00e+00,
53,1.64e-01,2.00e+00,0.00e+00,
54,1.64e-01,4.00e+00,0.00e+00,
55,1.64e-01,4.00e+00,0.00e+00,
56,1.68e-01,4.00e+00,0.00e+00,
57,1.68e-01,4.00e+00,0.00e+00,
58,1.64e-01,0.00e+00,-2.00e-01,
59,1.64e-01,0.00e+00,-2.00e-01,
60,1.64e-01,2.00e+00,0.00e+00,
61,1.64e-01,2.00e+00,0.00e+00,
62,1.68e-01,4.00e+00,0.00e+00,
63,1.68e-01,4.00e+00,0.00e+00,
64,1.60e-01,2.00e+00,0.00e+00,
65,1.60e-01,2.00e+00,0.00e+00,
66,1.68e-01,0.00e+00,0.00e+00,
67,1.68e-01,0.00e+00,0.00e+00,
68,1.68e-01,0.00e+00,0.00e+00,
69,1.68e-01,0.00e+00,0.00e+00,
70,1.72e-01,2.00e+00,0.00e+00,
71,1.72e-01,2.00e+00,0.00e+00,
72,1.68e-01,2.00e+00,0.00e+00,
73,1.68e-01,2.00e+00,0.00e+00,
74,1.68e-01,2.00e+00,0.00e+00,
75,1.68e-01,2.00e+00,0.00e+00,
76,1.68e-01,2.00e+00,0.00e+00,
77,1.68e-01,2.00e+00,0.00e+00,
78,1.68e-01,2.00e+00,0.00e+00,
79,1.68e-01,2.00e+00,0.00e+00,
80,1.64e-01,2.00e+00,2.00e-01,
81,1.64e-01,2.00e+00,2.00e-01,
82,1.64e-01,2.00e+00,2.00e-01,
83,1.64e-01,2.00e+00,2.00e-01,
84,1.64e-01,4.00e+00,0.00e+00,
85,1.64e-01,4.00e+00,0.00e+00,
86,1.64e-01,2.00e+00,0.00e+00,
87,1.64e-01,2.00e+00,0.00e+00,
88,1.64e-01,2.00e+00,0.00e+00,
89,1.64e-01,2.00e+00,0.00e+00,
90,1.68e-01,0.00e+00,0.00e+00,
91,1.68e-01,0.00e+00,0.00e+00,
92,1.68e-01,2.00e+00,2.00e-01,
93,1.68e-01,2.00e+00,2.00e-01,
94,1.64e-01,2.00e+00,0.00e+00,
95,1.64e-01,2.00e+00,0.00e+00,
96,1.64e-01,0.00e+00,0.00e+00,
97,1.64e-01,0.00e+00,0.00e+00,
98,1.60e-01,0.00e+00,0.00e+00,
99,1.60e-01,0.00e+00,0.00e+00,
100,1.68e-01,2.00e+00,0.00e+00,
101,1.68e-01,2.00e+00,0.00e+00,
102,1.68e-01,2.00e+00,0.00e+00,
103,1.68e-01,2.00e+00,0.00e+00,
104,1.68e-01,0.00e+00,2.00e-01,
105,1.68e-01,0.00e+00,2.00e-01,
106,1.68e-01,2.00e+00,0.00e+00,
107,1.68e-01,2.00e+00,0.00e+00,
108,1.64e-01,4.00e+00,0.00e+00,
109,1.64e-01,4.00e+00,0.00e+00,
110,1.64e-01,4.00e+00,0.00e+00,
111,1.64e-01,4.00e+00,0.00e+00,
112,1.64e-01,0.00e+00,2.00e-01,
113,1.64e-01,0.00e+00,2.00e-01,
114,1.68e-01,2.00e+00,0.00e+00,
115,1.68e-01,2.00e+00,0.00e+00,
116,1.68e-01,2.00e+00,0.00e+00,
117,1.68e-01,2.00e+00,0.00e+00,
118,1.68e-01,4.00e+00,2.00e-01,
119,1.68e-01,4.00e+00,2.00e-01,
120,1.68e-01,2.00e+00,2.00e-01,
121,1.68e-01,2.00e+00,2.00e-01,
122,1.68e-01,4.00e+00,0.00e+00,
123,1.68e-01,4.00e+00,0.00e+00,
124,1.64e-01,0.00e+00,0.00e+00,
125,1.64e-01,0.00e+00,0.00e+00,
126,1.64e-01,2.00e+00,0.00e+00,
127,1.64e-01,2.00e+00,0.00e+00,
128,1.68e-01,2.00e+00,2.00e-01,
129,1.68e-01,2.00e+00,2.00e-01,
130,1.68e-01,2.00e+00,0.00e+00,
131,1.68e-01,2.00e+00,0.00e+00,
132,1.64e-01,2.00e+00,0.00e+00,
133,1.64e-01,2.00e+00,0.00e+00,
134,1.64e-01,2.00e+00,-2.00e-01,
135,1.64e-01,2.00e+00,-2.00e-01,
136,1.72e-01,0.00e+00,0.00e+00,
137,1.72e-01,0.00e+00,0.00e+00,
138,1.64e-01,4.00e+00,0.00e+00,
139,1.64e-01,4.00e+00,0.00e+00,
140,1.68e-01,2.00e+00,0.00e+00,
141,1.68e-01,2.00e+00,0.00e+00,
142,1.68e-01,0.00e+00,0.00e+00,
143,1.68e-01,0.00e+00,0.00e+00,
144,1.64e-01,5.20e+01,0.00e+00,
145,1.64e-01,5.20e+01,0.00e+00,
146,1.60e-01,5.20e+01,0.00e+00,
147,1.60e-01,5.20e+01,0.00e+00,
148,1.64e-01,5.20e+01,0.00e+00,
149,1.64e-01,5.20e+01,0.00e+00,
150,1.72e-01,5.20e+01,0.00e+00,
151,1.72e-01,5.20e+01,0.00e+00,
152,1.72e-01,5.00e+01,0.00e+00,
153,1.72e-01,5.00e+01,0.00e+00,
154,1.72e-01,5.40e+01,0.00e+00,
155,1.72e-01,5.40e+01,0.00e+00,
156,1.72e-01,5.20e+01,2.20e+00,
157,1.72e-01,5.20e+01,2.20e+00,
158,-1.08e-01,5.20e+01,8.40e+00,
159,-1.08e-01,5.20e+01,8.40e+00,
160,-1.80e-01,5.00e+01,1.00e+01,
161,-1.80e-01,5.00e+01,1.00e+01,
162,-1.96e-01,5.00e+01,1.18e+01,
163,-1.96e-01,5.00e+01,1.18e+01,
164,-1.84e-01,5.00e+01,1.80e+00,
165,-1.84e-01,5.00e+01,1.80e+00,
166,-9.20e-02,5.20e+01,1.80e+00,
167,-9.20e-02,5.20e+01,1.80e+00,
168,-9.60e-02,5.00e+01,1.40e+00,
169,-9.60e-02,5.00e+01,1.40e+00,
170,-9.60e-02,5.20e+01,1.20e+00,
171,-9.60e-02,5.20e+01,1.20e+00,
172,-9.60e-02,5.20e+01,1.20e+00,
173,-9.60e-02,5.20e+01,1.20e+00,
174,-9.60e-02,5.40e+01,1.20e+00,
175,-9.60e-02,5.40e+01,1.20e+00,
176,-9.20e-02,5.00e+01,1.00e+00,
177,-9.20e-02,5.00e+01,1.00e+00,
178,-9.60e-02,5.40e+01,1.00e+00,
179,-9.60e-02,5.40e+01,1.00e+00,
180,2.72e-01,5.00e+01,8.00e-01,
181,2.72e-01,5.00e+01,8.00e-01,
182,4.36e-01,5.40e+01,1.00e+00,
183,4.36e-01,5.40e+01,1.00e+00,
184,2.00e-01,5.20e+01,1.00e+00,
185,2.00e-01,5.20e+01,1.00e+00,
186,-4.00e-02,5.40e+01,8.00e-01,
187,-4.00e-02,5.40e+01,8.00e-01,
188,1.60e-02,5.00e+01,8.00e-01,
189,1.60e-02,5.00e+01,8.00e-01,
190,2.36e-01,5.20e+01,8.00e-01,
191,2.36e-01,5.20e+01,8.00e-01,
192,3.20e-01,5.20e+01,8.00e-01,
193,3.20e-01,5.20e+01,8.00e-01,
194,1.92e-01,5.40e+01,8.00e-01,
195,1.92e-01,5.40e+01,8.00e-01,
196,5.20e-02,5.40e+01,8.00e-01,
197,5.20e-02,5.40e+01,8.00e-01,
198,8.00e-02,5.40e+01,6.00e-01,
199,8.00e-02,5.40e+01,6.00e-01,
200,2.12e-01,5.40e+01,8.00e-01,
201,2.12e-01,5.40e+01,8.00e-01,
202,2.60e-01,5.40e+01,6.00e-01,
203,2.60e-01,5.40e+01,6.00e-01,
204,1.84e-01,5.40e+01,8.00e-01,
205,1.84e-01,5.40e+01,8.00e-01,
206,9.60e-02,5.20e+01,6.00e-01,
207,9.60e-02,5.20e+01,6.00e-01,
208,1.12e-01,5.40e+01,6.00e-01,
209,1.12e-01,5.40e+01,6.00e-01,
210,1.88e-01,5.20e+01,6.00e-01,
211,1.88e-01,5.20e+01,6.00e-01,
212,2.32e-01,5.40e+01,6.00e-01,
213,2.32e-01,5.40e+01,6.00e-01,
214,1.88e-01,5.00e+01,6.00e-01,
215,1.88e-01,5.00e+01,6.00e-01,
216,1.20e-01,5.20e+01,4.00e-01,
217,1.20e-01,5.20e+01,4.00e-01,
218,1.20e-01,5.20e+01,6.00e-01,
219,1.20e-01,5.20e+01,6.00e-01,
220,1.76e-01,5.20e+01,6.00e-01,
221,1.76e-01,5.20e+01,6.00e-01,
222,2.08e-01,5.00e+01,6.00e-01,
223,2.08e-01,5.00e+01,6.00e-01,
224,1.80e-01,5.20e+01,4.00e-01,
225,1.80e-01,5.20e+01,4.00e-01,
226,1.40e-01,5.00e+01,6.00e-01,
227,1.40e-01,5.00e+01,6.00e-01,
228,1.36e-01,5.40e+01,6.00e-01,
229,1.36e-01,5.40e+01,6.00e-01,
230,1.72e-01,5.20e+01,6.00e-01,
231,1.72e-01,5.20e+01,6.00e-01,
232,1.88e-01,5.20e+01,4.00e-01,
233,1.88e-01,5.20e+01,4.00e-01,
234,1.76e-01,5.00e+01,6.00e-01,
235,1.76e-01,5.00e+01,6.00e-01,
236,1.48e-01,5.20e+01,6.00e-01,
237,1.48e-01,5.20e+01,6.00e-01,
238,1.48e-01,5.20e+01,6.00e-01,
239,1.48e-01,5.20e+01,6.00e-01,
240,1.68e-01,5.20e+01,6.00e-01,
241,1.68e-01,5.20e+01,6.00e-01,
242,1.80e-01,5.20e+01,6.00e-01,
243,1.80e-01,5.20e+01,6.00e-01,
244,1.68e-01,5.20e+01,6.00e-01,
245,1.68e-01,5.20e+01,6.00e-01,
246,1.52e-01,5.20e+01,6.00e-01,
247,1.52e-01,5.20e+01,6.00e-01,
248,1.56e-01,5.40e+01,4.00e-01,
249,1.56e-01,5.40e+01,4.00e-01,
250,1.64e-01,5.40e+01,4.00e-01,
251,1.64e-01,5.40e+01,4.00e-01,
252,1.72e-01,5.40e+01,6.00e-01,
253,1.72e-01,5.40e+01,6.00e-01,
254,1.68e-01,5.20e+01,6.00e-01,
255,1.68e-01,5.20e+01,6.00e-01,
256,1.60e-01,5.20e+01,4.00e-01,
257,1.60e-01,5.20e+01,4.00e-01,
258,1.56e-01,5.20e+01,6.00e-01,
259,1.56e-01,5.20e+01,6.00e-01,
260,1.64e-01,5.20e+01,6.00e-01,
261,1.64e-01,5.20e+01,6.00e-01,
262,1.64e-01,5.20e+01,6.00e-01,
263,1.64e-01,5.20e+01,6.00e-01,
264,1.64e-01,5.00e+01,6.00e-01,
265,1.64e-01,5.00e+01,6.00e-01,
266,1.60e-01,5.20e+01,4.00e-01,
267,1.60e-01,5.20e+01,4.00e-01,
268,1.64e-01,5.20e+01,4.00e-01,
269,1.64e-01,5.20e+01,4.00e-01,
270,1.60e-01,5.20e+01,4.00e-01,
271,1.60e-01,5.20e+01,4.00e-01,
272,1.64e-01,5.00e+01,6.00e-01,
273,1.64e-01,5.00e+01,6.00e-01,
274,1.64e-01,5.20e+01,4.00e-01,
275,1.64e-01,5.20e+01,4.00e-01,
276,1.60e-01,5.00e+01,4.00e-01,
277,1.60e-01,5.00e+01,4.00e-01,
278,1.64e-01,5.20e+01,4.00e-01,
279,1.64e-01,5.20e+01,4.00e-01,
280,1.60e-01,5.00e+01,6.00e-01,
281,1.60e-01,5.00e+01,6.00e-01,
282,1.64e-01,5.40e+01,2.00e-01,
283,1.64e-01,5.40e+01,2.00e-01,
284,1.64e-01,5.20e+01,4.00e-01,
285,1.64e-01,5.20e+01,4.00e-01,
286,1.64e-01,5.20e+01,4.00e-01,
287,1.64e-01,5.20e+01,4.00e-01,
288,1.68e-01,5.20e+01,4.00e-01,
289,1.68e-01,5.20e+01,4.00e-01,
290,1.60e-01,5.40e+01,4.00e-01,
291,1.60e-01,5.40e+01,4.00e-01,
292,1.68e-01,5.20e+01,4.00e-01,
293,1.68e-01,5.20e+01,4.00e-01,
294,1.68e-01,5.20e+01,4.00e-01,
295,1.68e-01,5.20e+01,4.00e-01,
296,1.64e-01,5.20e+01,6.00e-01,
297,1.64e-01,5.20e+01,6.00e-01,
298,1.64e-01,5.20e+01,2.00e-01,
299,1.64e-01,5.20e+01,2.00e-01,
300,1.64e-01,5.20e+01,2.00e-01,
301,1.64e-01,5.20e+01,2.00e-01,
302,1.56e-01,5.20e+01,4.00e-01,
303,1.56e-01,5.20e+01,4.00e-01,
304,1.64e-01,5.20e+01,2.00e-01,
305,1.64e-01,5.20e+01,2.00e-01,
306,1.64e-01,5.40e+01,6.00e-01,
307,1.64e-01,5.40e+01,6.00e-01,
308,1.68e-01,5.40e+01,2.00e-01,
309,1.68e-01,5.40e+01,2.00e-01,
310,1.68e-01,5.20e+01,2.00e-01,
311,1.68e-01,5.20e+01,2.00e-01,
312,1.60e-01,5.40e+01,4.00e-01,
313,1.60e-01,5.40e+01,4.00e-01,
314,1.68e-01,5.20e+01,4.00e-01,
315,1.68e-01,5.20e+01,4.00e-01,
316,1.64e-01,5.20e+01,2.00e-01,
317,1.64e-01,5.20e+01,2.00e-01,
318,1.68e-01,5.20e+01,2.00e-01,
319,1.68e-01,5.20e+01,2.00e-01,
320,1.72e-01,5.40e+01,2.00e-01,
321,1.72e-01,5.40e+01,2.00e-01,
322,1.68e-01,5.20e+01,2.00e-01,
323,1.68e-01,5.20e+01,2.00e-01,
324,1.64e-01,5.20e+01,4.00e-01,
325,1.64e-01,5.20e+01,4.00e-01,
326,1.64e-01,5.00e+01,2.00e-01,
327,1.64e-01,5.00e+01,2.00e-01,
328,1.64e-01,5.40e+01,2.00e-01,
329,1.64e-01,5.40e+01,2.00e-01,
330,1.64e-01,5.20e+01,2.00e-01,
331,1.64e-01,5.20e+01,2.00e-01,
332,1.68e-01,5.40e+01,4.00e-01,
333,1.68e-01,5.40e+01,4.00e-01,
334,1.68e-01,5.20e+01,2.00e-01,
335,1.68e-01,5.20e+01,2.00e-01,
336,1.72e-01,5.40e+01,2.00e-01,
337,1.72e-01,5.40e+01,2.00e-01,
338,1.72e-01,5.20e+01,2.00e-01,
339,1.72e-01,5.20e+01,2.00e-01,
340,1.64e-01,5.20e+01,2.00e-01,
341,1.64e-01,5.20e+01,2.00e-01,
342,1.64e-01,5.00e+01,2.00e-01,
343,1.64e-01,5.00e+01,2.00e-01,
344,1.68e-01,5.20e+01,4.00e-01,
345,1.68e-01,5.20e+01,4.00e-01,
346,1.68e-01,5.20e+01,4.00e-01,
347,1.68e-01,5.20e+01,4.00e-01,
348,1.68e-01,5.20e+01,2.00e-01,
349,1.68e-01,5.20e+01,2.00e-01,
350,1.64e-01,5.00e+01,2.00e-01,
351,1.64e-01,5.00e+01,2.00e-01,
352,1.68e-01,5.20e+01,2.00e-01,
353,1.68e-01,5.20e+01,2.00e-01,
354,1.72e-01,5.20e+01,2.00e-01,
355,1.72e-01,5.20e+01,2.00e-01,
356,1.72e-01,5.40e+01,2.00e-01,
357,1.72e-01,5.40e+01,2.00e-01,
358,1.76e-01,5.20e+01,2.00e-01,
359,1.76e-01,5.20e+01,2.00e-01,
360,1.72e-01,5.40e+01,2.00e-01,
361,1.72e-01,5.40e+01,2.00e-01,
362,1.68e-01,5.00e+01,7.20e+00,
363,1.68e-01,5.00e+01,7.20e+00,
364,-1.04e-01,5.20e+01,3.60e+00,
365,-1.04e-01,5.20e+01,3.60e+00,
366,-1.76e-01,5.00e+01,3.20e+00,
367,-1.76e-01,5.00e+01,3.20e+00,
368,-1.96e-01,5.20e+01,2.80e+00,
369,-1.96e-01,5.20e+01,2.80e+00,
370,-1.96e-01,5.20e+01,5.20e+00,
371,-1.96e-01,5.20e+01,5.20e+00,
372,-1.96e-01,5.20e+01,7.20e+00,
373,-1.96e-01,5.20e+01,7.20e+00,
374,-1.96e-01,5.00e+01,9.00e+00,
375,-1.96e-01,5.00e+01,9.00e+00,
376,-1.92e-01,5.40e+01,1.08e+01,
377,-1.92e-01,5.40e+01,1.08e+01,
378,-1.48e-01,5.20e+01,2.20e+00,
379,-1.48e-01,5.20e+01,2.20e+00,
380,-8.80e-02,5.20e+01,1.40e+00,
381,-8.80e-02,5.20e+01,1.40e+00,
382,-8.80e-02,5.40e+01,1.60e+00,
383,-8.80e-02,5.40e+01,1.60e+00,
384,-8.80e-02,5.20e+01,1.20e+00,
385,-8.80e-02,5.20e+01,1.20e+00,
386,-8.40e-02,5.20e+01,1.20e+00,
387,-8.40e-02,5.20e+01,1.20e+00,
388,-8.40e-02,5.00e+01,1.20e+00,
389,-8.40e-02,5.00e+01,1.20e+00,
390,-8.40e-02,5.20e+01,1.20e+00,
391,-8.40e-02,5.20e+01,1.20e+00,
392,-8.40e-02,5.00e+01,1.00e+00,
393,-8.40e-02,5.00e+01,1.00e+00,
394,-8.40e-02,5.40e+01,1.00e+00,
395,-8.40e-02,5.40e+01,1.00e+00,
396,-8.80e-02,5.20e+01,1.00e+00,
397,-8.80e-02,5.20e+01,1.00e+00,
398,-9.60e-02,5.40e+01,1.00e+00,
399,-9.60e-02,5.40e+01,1.00e+00,
400,5.60e-02,5.20e+01,1.00e+00,
401,5.60e-02,5.20e+01,1.00e+00,
402,3.08e-01,5.00e+01,8.00e-01,
403,3.08e-01,5.00e+01,8.00e-01,
404,3.28e-01,4.00e+00,1.00e+00,
405,3.28e-01,4.00e+00,1.00e+00,
406,1.44e-01,0.00e+00,8.00e-01,
407,1.44e-01,0.00e+00,8.00e-01,
408,2.40e-02,4.00e+00,8.00e-01,
409,2.40e-02,4.00e+00,8.00e-01,
410,1.04e-01,2.00e+00,8.00e-01,
411,1.04e-01,2.00e+00,8.00e-01,
412,2.48e-01,0.00e+00,8.00e-01,
413,2.48e-01,0.00e+00,8.00e-01,
414,2.60e-01,0.00e+00,6.00e-01,
415,2.60e-01,0.00e+00,6.00e-01,
416,1.52e-01,4.00e+00,8.00e-01,
417,1.52e-01,4.00e+00,8.00e-01,
418,8.40e-02,2.00e+00,8.00e-01,
419,8.40e-02,2.00e+00,8.00e-01,
420,1.36e-01,2.00e+00,6.00e-01,
421,1.36e-01,2.00e+00,6.00e-01,
422,2.20e-01,2.00e+00,6.00e-01,
423,2.20e-01,2.00e+00,6.00e-01,
424,2.20e-01,4.00e+00,6.00e-01,
425,2.20e-01,4.00e+00,6.00e-01,
426,1.56e-01,2.00e+00,8.00e-01,
427,1.56e-01,2.00e+00,8.00e-01,
428,1.16e-01,2.00e+00,6.00e-01,
429,1.16e-01,2.00e+00,6.00e-01,
430,1.44e-01,0.00e+00,6.00e-01,
431,1.44e-01,0.00e+00,6.00e-01,
432,1.96e-01,2.00e+00,6.00e-01,
433,1.96e-01,2.00e+00,6.00e-01,
434,2.04e-01,4.00e+00,6.00e-01,
435,2.04e-01,4.00e+00,6.00e-01,
436,1.64e-01,0.00e+00,6.00e-01,
437,1.64e-01,0.00e+00,6.00e-01,
438,1.44e-01,2.00e+00,6.00e-01,
439,1.44e-01,2.00e+00,6.00e-01,
440,1.48e-01,4.00e+00,6.00e-01,
441,1.48e-01,4.00e+00,6.00e-01,
442,1.80e-01,4.00e+00,6.00e-01,
443,1.80e-01,4.00e+00,6.00e-01,
444,1.92e-01,0.00e+00,6.00e-01,
445,1.92e-01,0.00e+00,6.00e-01,
446,1.68e-01,2.00e+00,4.00e-01,
447,1.68e-01,2.00e+00,4.00e-01,
448,1.48e-01,2.00e+00,6.00e-01,
449,1.48e-01,2.00e+00,6.00e-01,
450,1.56e-01,2.00e+00,6.00e-01,
451,1.56e-01,2.00e+00,6.00e-01,
452,1.72e-01,0.00e+00,6.00e-01,
453,1.72e-01,0.00e+00,6.00e-01,
454,1.80e-01,2.00e+00,6.00e-01,
455,1.80e-01,2.00e+00,6.00e-01,
456,1.68e-01,0.00e+00,6.00e-01,
457,1.68e-01,0.00e+00,6.00e-01,
458,1.56e-01,0.00e+00,6.00e-01,
459,1.56e-01,0.00e+00,6.00e-01,
460,1.64e-01,0.00e+00,6.00e-01,
461,1.64e-01,0.00e+00,6.00e-01,
462,1.72e-01,2.00e+00,6.00e-01,
463,1.72e-01,2.00e+00,6.00e-01,
464,1.76e-01,0.00e+00,6.00e-01,
465,1.76e-01,0.00e+00,6.00e-01,
466,1.72e-01,0.00e+00,4.00e-01,
467,1.72e-01,0.00e+00,4.00e-01,
468,1.64e-01,0.00e+00,4.00e-01,
469,1.64e-01,0.00e+00,4.00e-01,
470,1.68e-01,2.00e+00,6.00e-01,
471,1.68e-01,2.00e+00,6.00e-01,
472,1.72e-01,2.00e+00,6.00e-01,
473,1.72e-01,2.00e+00,6.00e-01,
474,1.76e-01,0.00e+00,6.00e-01,
475,1.76e-01,0.00e+00,6.00e-01,
476,1.72e-01,0.00e+00,6.00e-01,
477,1.72e-01,0.00e+00,6.00e-01,
478,1.64e-01,0.00e+00,4.00e-01,
479,1.64e-01,0.00e+00,4.00e-01,
480,1.60e-01,2.00e+00,6.00e-01,
481,1.60e-01,2.00e+00,6.00e-01,
482,1.68e-01,0.00e+00,4.00e-01,
483,1.68e-01,0.00e+00,4.00e-01,
484,1.68e-01,0.00e+00,4.00e-01,
485,1.68e-01,0.00e+00,4.00e-01,
486,1.64e-01,2.00e+00,4.00e-01,
487,1.64e-01,2.00e+00,4.00e-01,
488,1.64e-01,2.00e+00,6.00e-01,
489,1.64e-01,2.00e+00,6.00e-01,
490,1.68e-01,0.00e+00,4.00e-01,
491,1.68e-01,0.00e+00,4.00e-01,
492,1.68e-01,2.00e+00,6.00e-01,
493,1.68e-01,2.00e+00,6.00e-01,
494,1.64e-01,0.00e+00,4.00e-01,
495,1.64e-01,0.00e+00,4.00e-01,
496,1.68e-01,2.00e+00,4.00e-01,
497,1.68e-01,2.00e+00,4.00e-01,
498,1.68e-01,2.00e+00,4.00e-01,
499,1.68e-01,2.00e+00,4.00e-01,
500,1.68e-01,2.00e+00,6.00e-01,
501,1.68e-01,2.00e+00,6.00e-01,
502,1.68e-01,2.00e+00,2.00e-01,
503,1.68e-01,2.00e+00,2.00e-01,
504,1.64e-01,2.00e+00,2.00e-01,
505,1.64e-01,2.00e+00,2.00e-01,
506,1.64e-01,0.00e+00,4.00e-01,
507,1.64e-01,0.00e+00,4.00e-01,
508,1.68e-01,0.00e+00,2.00e-01,
509,1.68e-01,0.00e+00,2.00e-01,
510,1.68e-01,0.00e+00,2.00e-01,
511,1.68e-01,0.00e+00,2.00e-01,
512,1.68e-01,2.00e+00,4.00e-01,
513,1.68e-01,2.00e+00,4.00e-01,
514,1.72e-01,0.00e+00,2.00e-01,
515,1.72e-01,0.00e+00,2.00e-01,
516,1.68e-01,2.00e+00,2.00e-01,
517,1.68e-01,2.00e+00,2.00e-01,
518,1.64e-01,0.00e+00,2.00e-01,
519,1.64e-01,0.00e+00,2.00e-01,
520,1.64e-01,2.00e+00,4.00e-01,
521,1.64e-01,2.00e+00,4.00e-01,
522,1.68e-01,2.00e+00,4.00e-01,
523,1.68e-01,2.00e+00,4.00e-01,
524,1.68e-01,2.00e+00,4.00e-01,
525,1.68e-01,2.00e+00,4.00e-01,
526,1.68e-01,2.00e+00,4.00e-01,
527,1.68e-01,2.00e+00,4.00e-01,
528,1.68e-01,2.00e+00,4.00e-01,
529,1.68e-01,2.00e+00,4.00e-01,
530,1.68e-01,0.00e+00,4.00e-01,
531,1.68e-01,0.00e+00,4.00e-01,
532,1.68e-01,0.00e+00,4.00e-01,
533,1.68e-01,0.00e+00,4.00e-01,
534,1.64e-01,2.00e+00,4.00e-01,
535,1.64e-01,2.00e+00,4.00e-01,
536,1.68e-01,2.00e+00,4.00e-01,
537,1.68e-01,2.00e+00,4.00e-01,
538,1.72e-01,2.00e+00,4.00e-01,
539,1.72e-01,2.00e+00,4.00e-01,
540,1.64e-01,4.00e+00,2.00e-01,
541,1.64e-01,4.00e+00,2.00e-01,
542,1.68e-01,2.00e+00,4.00e-01,
543,1.68e-01,2.00e+00,4.00e-01,
544,1.68e-01,0.00e+00,2.00e-01,
545,1.68e-01,0.00e+00,2.00e-01,
546,1.68e-01,0.00e+00,2.00e-01,
547,1.68e-01,0.00e+00,2.00e-01,
548,1.68e-01,2.00e+00,2.00e-01,
549,1.68e-01,2.00e+00,2.00e-01,
550,1.64e-01,2.00e+00,2.00e-01,
551,1.64e-01,2.00e+00,2.00e-01,
552,1.68e-01,2.00e+00,2.00e-01,
553,1.68e-01,2.00e+00,2.00e-01,
554,1.72e-01,2.00e+00,2.00e-01,
555,1.72e-01,2.00e+00,2.00e-01,
556,1.64e-01,2.00e+00,2.00e-01,
557,1.64e-01,2.00e+00,2.00e-01,
558,1.64e-01,2.00e+00,4.00e-01,
559,1.64e-01,2.00e+00,4.00e-01,
560,1.68e-01,2.00e+00,4.00e-01,
561,1.68e-01,2.00e+00,4.00e-01,
562,1.68e-01,2.00e+00,2.00e-01,
563,1.68e-01,2.00e+00,2.00e-01,
564,1.68e-01,2.00e+00,2.00e-01,
565,1.68e-01,2.00e+00,2.00e-01,
566,1.68e-01,0.00e+00,2.00e-01,
567,1.68e-01,0.00e+00,2.00e-01,
568,1.64e-01,2.00e+00,2.00e-01,
569,1.64e-01,2.00e+00,2.00e-01,
570,1.64e-01,0.00e+00,2.00e-01,
571,1.64e-01,0.00e+00,2.00e-01,
572,1.64e-01,0.00e+00,4.00e-01,
573,1.64e-01,0.00e+00,4.00e-01,
574,1.68e-01,0.00e+00,4.00e-01,
575,1.68e-01,0.00e+00,4.00e-01,
576,1.64e-01,0.00e+00,4.00e-01,
577,1.64e-01,0.00e+00,4.00e-01,
578,1.68e-01,0.00e+00,4.00e-01,
579,1.68e-01,0.00e+00,4.00e-01,
580,1.72e-01,2.00e+00,2.00e-01,
581,1.72e-01,2.00e+00,2.00e-01,
582,1.68e-01,2.00e+00,2.00e-01,
583,1.68e-01,2.00e+00,2.00e-01,
584,1.64e-01,2.00e+00,4.00e-01,
585,1.64e-01,2.00e+00,4.00e-01,
586,1.68e-01,0.00e+00,4.00e-01,
587,1.68e-01,0.00e+00,4.00e-01,
588,1.68e-01,2.00e+00,2.00e-01,
589,1.68e-01,2.00e+00,2.00e-01,
590,1.64e-01,2.00e+00,2.00e-01,
591,1.64e-01,2.00e+00,2.00e-01,
592,1.64e-01,0.00e+00,2.00e-01,
593,1.64e-01,0.00e+00,2.00e-01,
594,1.68e-01,2.00e+00,2.00e-01,
595,1.68e-01,2.00e+00,2.00e-01,
596,1.64e-01,0.00e+00,2.00e-01,
597,1.64e-01,0.00e+00,2.00e-01,
598,1.64e-01,2.00e+00,2.00e-01,
599,1.64e-01,2.00e+00,2.00e-01,
600,1.64e-01,2.00e+00,2.00e-01,
601,1.64e-01,2.00e+00,2.00e-01,
602,1.68e-01,2.00e+00,4.00e-01,
603,1.68e-01,2.00e+00,4.00e-01,
604,1.68e-01,0.00e+00,4.00e-01,
605,1.68e-01,0.00e+00,4.00e-01,
606,1.68e-01,0.00e+00,4.00e-01,
607,1.68e-01,0.00e+00,4.00e-01,
608,1.68e-01,0.00e+00,4.00e-01,
609,1.68e-01,0.00e+00,4.00e-01,
610,1.64e-01,0.00e+00,2.00e-01,
611,1.64e-01,0.00e+00,2.00e-01,
612,1.68e-01,2.00e+00,2.00e-01,
613,1.68e-01,2.00e+00,2.00e-01,
614,1.68e-01,0.00e+00,2.00e-01,
615,1.68e-01,0.00e+00,2.00e-01,
616,1.68e-01,2.00e+00,2.00e-01,
617,1.68e-01,2.00e+00,2.00e-01,
618,1.68e-01,2.00e+00,4.00e-01,
619,1.68e-01,2.00e+00,4.00e-01,
620,1.68e-01,2.00e+00,2.00e-01,
621,1.68e-01,2.00e+00,2.00e-01,
622,1.68e-01,0.00e+00,2.00e-01,
623,1.68e-01,0.00e+00,2.00e-01,
624,1.68e-01,2.00e+00,2.00e-01,
625,1.68e-01,2.00e+00,2.00e-01,
626,1.64e-01,2.00e+00,4.00e-01,
627,1.64e-01,2.00e+00,4.00e-01,
628,1.64e-01,0.00e+00,4.00e-01,
629,1.64e-01,0.00e+00,4.00e-01,
630,1.68e-01,2.00e+00,4.00e-01,
631,1.68e-01,2.00e+00,4.00e-01,
632,1.68e-01,2.00e+00,4.00e-01,
633,1.68e-01,2.00e+00,4.00e-01,
634,1.68e-01,2.00e+00,2.00e-01,
635,1.68e-01,2.00e+00,2.00e-01,
636,1.68e-01,0.00e+00,2.00e-01,
637,1.68e-01,0.00e+00,2.00e-01,
638,1.68e-01,0.00e+00,2.00e-01,
639,1.68e-01,0.00e+00,2.00e-01,
640,1.68e-01,2.00e+00,2.00e-01,
641,1.68e-01,2.00e+00,2.00e-01,
642,1.68e-01,0.00e+00,4.00e-01,
643,1.68e-01,0.00e+00,4.00e-01,
644,1.68e-01,0.00e+00,2.00e-01,
645,1.68e-01,0.00e+00,2.00e-01,
646,1.68e-01,0.00e+00,2.00e-01,
647,1.68e-01,0.00e+00,2.00e-01,
648,1.68e-01,2.00e+00,2.00e-01,
649,1.68e-01,2.00e+00,2.00e-01,
650,1.68e-01,4.00e+00,2.00e-01,
651,1.68e-01,4.00e+00,2.00e-01,
652,1.68e-01,0.00e+00,2.00e-01,
653,1.68e-01,0.00e+00,2.00e-01,
654,1.68e-01,2.00e+00,4.00e-01,
655,1.68e-01,2.00e+00,4.00e-01,
656,1.68e-01,0.00e+00,2.00e-01,
657,1.68e-01,0.00e+00,2.00e-01,
658,1.68e-01,0.00e+00,2.00e-01,
659,1.68e-01,0.00e+00,2.00e-01,
660,1.68e-01,0.00e+00,2.00e-01,
661,1.68e-01,0.00e+00,2.00e-01,
662,1.72e-01,2.00e+00,2.00e-01,
663,1.72e-01,2.00e+00,2.00e-01,
664,1.72e-01,2.00e+00,2.00e-01,
665,1.72e-01,2.00e+00,2.00e-01,
666,1.68e-01,2.00e+00,2.00e-01,
667,1.68e-01,2.00e+00,2.00e-01,
668,1.72e-01,0.00e+00,2.00e-01,
669,1.72e-01,0.00e+00,2.00e-01,
670,1.64e-01,2.00e+00,2.00e-01,
671,1.64e-01,2.00e+00,2.00e-01,
672,1.64e-01,0.00e+00,2.00e-01,
673,1.64e-01,0.00e+00,2.00e-01,
674,1.68e-01,0.00e+00,2.00e-01,
675,1.68e-01,0.00e+00,2.00e-01,
676,1.68e-01,0.00e+00,2.00e-01,
677,1.68e-01,0.00e+00,2.00e-01,
678,1.72e-01,2.00e+00,2.00e-01,
679,1.72e-01,2.00e+00,2.00e-01,
680,1.68e-01,0.00e+00,2.00e-01,
681,1.68e-01,0.00e+00,2.00e-01,
682,1.68e-01,2.00e+00,2.00e-01,
683,1.68e-01,2.00e+00,2.00e-01,
684,1.68e-01,0.00e+00,2.00e-01,
685,1.68e-01,0.00e+00,2.00e-01,
686,1.68e-01,2.00e+00,2.00e-01,
687,1.68e-01,2.00e+00,2.00e-01,
688,1.68e-01,2.00e+00,2.00e-01,
689,1.68e-01,2.00e+00,2.00e-01,
690,1.68e-01,0.00e+00,2.00e-01,
691,1.68e-01,0.00e+00,2.00e-01,
692,1.68e-01,0.00e+00,2.00e-01,
693,1.68e-01,0.00e+00,2.00e-01,
694,1.68e-01,2.00e+00,2.00e-01,
695,1.68e-01,2.00e+00,2.00e-01,
696,1.64e-01,2.00e+00,2.00e-01,
697,1.64e-01,2.00e+00,2.00e-01,
698,1.68e-01,0.00e+00,2.00e-01,
699,1.68e-01,0.00e+00,2.00e-01,
700,1.68e-01,2.00e+00,2.00e-01,
701,1.68e-01,2.00e+00,2.00e-01,
702,1.64e-01,2.00e+00,2.00e-01,
703,1.64e-01,2.00e+00,2.00e-01,
704,1.64e-01,0.00e+00,2.00e-01,
705,1.64e-01,0.00e+00,2.00e-01,
706,1.68e-01,0.00e+00,2.00e-01,
707,1.68e-01,0.00e+00,2.00e-01,
708,1.68e-01,0.00e+00,2.00e-01,
709,1.68e-01,0.00e+00,2.00e-01,
710,1.64e-01,0.00e+00,2.00e-01,
711,1.64e-01,0.00e+00,2.00e-01,
712,1.68e-01,0.00e+00,2.00e-01,
713,1.68e-01,0.00e+00,2.00e-01,
714,1.60e-01,0.00e+00,2.00e-01,
715,1.60e-01,0.00e+00,2.00e-01,
716,1.68e-01,2.00e+00,2.00e-01,
717,1.68e-01,2.00e+00,2.00e-01,
718,1.64e-01,2.00e+00,2.00e-01,
719,1.64e-01,2.00e+00,2.00e-01,
720,1.68e-01,2.00e+00,2.00e-01,
721,1.68e-01,2.00e+00,2.00e-01,
722,1.64e-01,2.00e+00,2.00e-01,
723,1.64e-01,2.00e+00,2.00e-01,
724,1.68e-01,0.00e+00,2.00e-01,
725,1.68e-01,0.00e+00,2.00e-01,
726,1.68e-01,0.00e+00,2.00e-01,
727,1.68e-01,0.00e+00,2.00e-01,
728,1.68e-01,2.00e+00,2.00e-01,
729,1.68e-01,2.00e+00,2.00e-01,
730,1.68e-01,2.00e+00,2.00e-01,
731,1.68e-01,2.00e+00,2.00e-01,
732,1.68e-01,2.00e+00,2.00e-01,
733,1.68e-01,2.00e+00,2.00e-01,
734,1.72e-01,0.00e+00,2.00e-01,
735,1.72e-01,0.00e+00,2.00e-01,
736,1.64e-01,0.00e+00,2.00e-01,
737,1.64e-01,0.00e+00,2.00e-01,
738,1.64e-01,2.00e+00,2.00e-01,
739,1.64e-01,2.00e+00,2.00e-01,
740,1.68e-01,2.00e+00,2.00e-01,
741,1.68e-01,2.00e+00,2.00e-01,
742,1.64e-01,2.00e+00,2.00e-01,
743,1.64e-01,2.00e+00,2.00e-01,
744,1.68e-01,2.00e+00,2.00e-01,
745,1.68e-01,2.00e+00,2.00e-01,
746,1.64e-01,2.00e+00,2.00e-01,
747,1.64e-01,2.00e+00,2.00e-01,
748,1.64e-01,2.00e+00,4.00e-01,
749,1.64e-01,2.00e+00,4.00e-01,
750,1.64e-01,2.00e+00,2.00e-01,
751,1.64e-01,2.00e+00,2.00e-01,
752,1.60e-01,0.00e+00,2.00e-01,
753,1.60e-01,0.00e+00,2.00e-01,
754,1.64e-01,2.00e+00,2.00e-01,
755,1.64e-01,2.00e+00,2.00e-01,
756,1.64e-01,0.00e+00,2.00e-01,
757,1.64e-01,0.00e+00,2.00e-01,
758,1.64e-01,2.00e+00,2.00e-01,
759,1.64e-01,2.00e+00,2.00e-01,
760,1.64e-01,0.00e+00,2.00e-01,
761,1.64e-01,0.00e+00,2.00e-01,
762,1.68e-01,0.00e+00,2.00e-01,
763,1.68e-01,0.00e+00,2.00e-01,
764,1.68e-01,0.00e+00,2.00e-01,
765,1.68e-01,0.00e+00,2.00e-01,
766,1.68e-01,2.00e+00,2.00e-01,
767,1.68e-01,2.00e+00,2.00e-01,
768,1.64e-01,0.00e+00,2.00e-01,
769,1.64e-01,0.00e+00,2.00e-01,
770,1.64e-01,2.00e+00,2.00e-01,
771,1.64e-01,2.00e+00,2.00e-01,
772,1.64e-01,0.00e+00,2.00e-01,
773,1.64e-01,0.00e+00,2.00e-01,
774,1.68e-01,2.00e+00,2.00e-01,
775,1.68e-01,2.00e+00,2.00e-01,
776,1.68e-01,2.00e+00,2.00e-01,
777,1.68e-01,2.00e+00,2.00e-01,
778,1.64e-01,2.00e+00,2.00e-01,
779,1.64e-01,2.00e+00,2.00e-01,
780,1.64e-01,2.00e+00,2.00e-01,
781,1.64e-01,2.00e+00,2.00e-01,
782,1.68e-01,2.00e+00,2.00e-01,
783,1.68e-01,2.00e+00,2.00e-01,
784,1.68e-01,2.00e+00,2.00e-01,
785,1.68e-01,2.00e+00,2.00e-01,
786,1.68e-01,2.00e+00,2.00e-01,
787,1.68e-01,2.00e+00,2.00e-01,
788,1.64e-01,2.00e+00,2.00e-01,
789,1.64e-01,2.00e+00,2.00e-01,
790,1.64e-01,0.00e+00,4.00e-01,
791,1.64e-01,0.00e+00,4.00e-01,
792,1.68e-01,0.00e+00,2.00e-01,
793,1.68e-01,0.00e+00,2.00e-01,
794,1.68e-01,2.00e+00,2.00e-01,
795,1.68e-01,2.00e+00,2.00e-01,
796,1.68e-01,2.00e+00,2.00e-01,
797,1.68e-01,2.00e+00,2.00e-01,
798,1.68e-01,0.00e+00,2.00e-01,
799,1.68e-01,0.00e+00,2.00e-01,
800,1.64e-01,2.00e+00,2.00e-01,
801,1.64e-01,2.00e+00,2.00e-01,
802,1.68e-01,2.00e+00,4.00e-01,
803,1.68e-01,2.00e+00,4.00e-01,
804,1.68e-01,4.00e+00,4.00e-01,
805,1.68e-01,4.00e+00,4.00e-01,
806,1.64e-01,2.00e+00,2.00e-01,
807,1.64e-01,2.00e+00,2.00e-01,
808,1.68e-01,2.00e+00,2.00e-01,
809,1.68e-01,2.00e+00,2.00e-01,
810,1.64e-01,0.00e+00,2.00e-01,
811,1.64e-01,0.00e+00,2.00e-01,
812,1.68e-01,4.00e+00,2.00e-01,
813,1.68e-01,4.00e+00,2.00e-01,
814,1.68e-01,0.00e+00,4.00e-01,
815,1.68e-01,0.00e+00,4.00e-01,
816,1.68e-01,0.00e+00,2.00e-01,
817,1.68e-01,0.00e+00,2.00e-01,
818,1.72e-01,0.00e+00,2.00e-01,
819,1.72e-01,0.00e+00,2.00e-01,
820,1.68e-01,0.00e+00,4.00e-01,
821,1.68e-01,0.00e+00,4.00e-01,
822,1.64e-01,2.00e+00,2.00e-01,
823,1.64e-01,2.00e+00,2.00e-01,
824,1.68e-01,4.00e+00,2.00e-01,
825,1.68e-01,4.00e+00,2.00e-01,
826,1.68e-01,0.00e+00,4.00e-01,
827,1.68e-01,0.00e+00,4.00e-01,
828,1.68e-01,2.00e+00,2.00e-01,
829,1.68e-01,2.00e+00,2.00e-01,
830,1.68e-01,0.00e+00,0.00e+00,
831,1.68e-01,0.00e+00,0.00e+00,
832,1.68e-01,2.00e+00,2.00e-01,
833,1.68e-01,2.00e+00,2.00e-01,
834,1.64e-01,2.00e+00,2.00e-01,
835,1.64e-01,2.00e+00,2.00e-01,
836,1.64e-01,2.00e+00,0.00e+00,
837,1.64e-01,2.00e+00,0.00e+00,
838,1.64e-01,2.00e+00,2.00e-01,
839,1.64e-01,2.00e+00,2.00e-01,
840,1.68e-01,2.00e+00,2.00e-01,
841,1.68e-01,2.00e+00,2.00e-01,
842,1.64e-01,2.00e+00,2.00e-01,
843,1.64e-01,2.00e+00,2.00e-01,
844,1.64e-01,2.00e+00,2.00e-01,
845,1.64e-01,2.00e+00,2.00e-01,
846,1.68e-01,2.00e+00,2.00e-01,
847,1.68e-01,2.00e+00,2.00e-01,
848,1.72e-01,2.00e+00,2.00e-01,
849,1.72e-01,2.00e+00,2.00e-01,
850,1.68e-01,4.00e+00,2.00e-01,
851,1.68e-01,4.00e+00,2.00e-01,
852,1.68e-01,0.00e+00,2.00e-01,
853,1.68e-01,0.00e+00,2.00e-01,
854,1.64e-01,0.00e+00,2.00e-01,
855,1.64e-01,0.00e+00,2.00e-01,
856,1.68e-01,0.00e+00,2.00e-01,
857,1.68e-01,0.00e+00,2.00e-01,
858,1.64e-01,2.00e+00,2.00e-01,
859,1.64e-01,2.00e+00,2.00e-01,
860,1.64e-01,0.00e+00,2.00e-01,
861,1.64e-01,0.00e+00,2.00e-01,
862,1.64e-01,0.00e+00,2.00e-01,
863,1.64e-01,0.00e+00,2.00e-01,
864,1.60e-01,2.00e+00,2.00e-01,
865,1.60e-01,2.00e+00,2.00e-01,
866,1.64e-01,0.00e+00,2.00e-01,
867,1.64e-01,0.00e+00,2.00e-01,
868,1.68e-01,0.00e+00,2.00e-01,
869,1.68e-01,0.00e+00,2.00e-01,
870,1.68e-01,2.00e+00,2.00e-01,
871,1.68e-01,2.00e+00,2.00e-01,
872,1.64e-01,0.00e+00,2.00e-01,
873,1.64e-01,0.00e+00,2.00e-01,
874,1.68e-01,0.00e+00,2.00e-01,
875,1.68e-01,0.00e+00,2.00e-01,
876,1.64e-01,0.00e+00,2.00e-01,
877,1.64e-01,0.00e+00,2.00e-01,
878,1.68e-01,2.00e+00,2.00e-01,
879,1.68e-01,2.00e+00,2.00e-01,
880,1.68e-01,2.00e+00,0.00e+00,
881,1.68e-01,2.00e+00,0.00e+00,
882,1.64e-01,0.00e+00,2.00e-01,
883,1.64e-01,0.00e+00,2.00e-01,
884,1.64e-01,0.00e+00,2.00e-01,
885,1.64e-01,0.00e+00,2.00e-01,
886,1.64e-01,2.00e+00,2.00e-01,
887,1.64e-01,2.00e+00,2.00e-01,
888,1.72e-01,2.00e+00,2.00e-01,
889,1.72e-01,2.00e+00,2.00e-01,
890,1.64e-01,2.00e+00,2.00e-01,
891,1.64e-01,2.00e+00,2.00e-01,
892,1.68e-01,0.00e+00,2.00e-01,
893,1.68e-01,0.00e+00,2.00e-01,
894,1.68e-01,2.00e+00,0.00e+00,
895,1.68e-01,2.00e+00,0.00e+00,
896,1.68e-01,4.00e+00,2.00e-01,
897,1.68e-01,4.00e+00,2.00e-01,
898,1.72e-01,0.00e+00,2.00e-01,
899,1.72e-01,0.00e+00,2.00e-01,
900,1.64e-01,0.00e+00,2.00e-01,
901,1.64e-01,0.00e+00,2.00e-01,
902,1.68e-01,2.00e+00,2.00e-01,
903,1.68e-01,2.00e+00,2.00e-01,
904,1.68e-01,4.00e+00,4.00e-01,
905,1.68e-01,4.00e+00,4.00e-01,
906,1.72e-01,2.00e+00,2.00e-01,
907,1.72e-01,2.00e+00,2.00e-01,
908,1.68e-01,2.00e+00,2.00e-01,
909,1.68e-01,2.00e+00,2.00e-01,
910,1.72e-01,4.00e+00,2.00e-01,
911,1.72e-01,4.00e+00,2.00e-01,
912,1.72e-01,2.00e+00,2.00e-01,
913,1.72e-01,2.00e+00,2.00e-01,
914,1.68e-01,2.00e+00,2.00e-01,
915,1.68e-01,2.00e+00,2.00e-01,
916,1.64e-01,2.00e+00,4.00e-01,
917,1.64e-01,2.00e+00,4.00e-01,
918,1.68e-01,2.00e+00,2.00e-01,
919,1.68e-01,2.00e+00,2.00e-01,
920,1.68e-01,2.00e+00,2.00e-01,
921,1.68e-01,2.00e+00,2.00e-01,
922,1.64e-01,2.00e+00,4.00e-01,
923,1.64e-01,2.00e+00,4.00e-01,
924,1.64e-01,4.00e+00,4.00e-01,
925,1.64e-01,4.00e+00,4.00e-01,
926,1.68e-01,2.00e+00,4.00e-01,
927,1.68e-01,2.00e+00,4.00e-01,
928,1.72e-01,0.00e+00,4.00e-01,
929,1.72e-01,0.00e+00,4.00e-01,
930,1.68e-01,2.00e+00,4.00e-01,
931,1.68e-01,2.00e+00,4.00e-01,
932,1.68e-01,4.00e+00,2.00e-01,
933,1.68e-01,4.00e+00,2.00e-01,
934,1.68e-01,0.00e+00,2.00e-01,
935,1.68e-01,0.00e+00,2.00e-01,
936,1.68e-01,2.00e+00,2.00e-01,
937,1.68e-01,2.00e+00,2.00e-01,
938,1.68e-01,0.00e+00,2.00e-01,
939,1.68e-01,0.00e+00,2.00e-01,
940,1.68e-01,0.00e+00,2.00e-01,
941,1.68e-01,0.00e+00,2.00e-01,
942,1.64e-01,2.00e+00,2.00e-01,
943,1.64e-01,2.00e+00,2.00e-01,
944,1.68e-01,0.00e+00,2.00e-01,
945,1.68e-01,0.00e+00,2.00e-01,
946,1.64e-01,2.00e+00,2.00e-01,
947,1.64e-01,2.00e+00,2.00e-01,
948,1.68e-01,2.00e+00,0.00e+00,
949,1.68e-01,2.00e+00,0.00e+00,
950,1.64e-01,4.00e+00,4.00e-01,
951,1.64e-01,4.00e+00,4.00e-01,
952,1.68e-01,2.00e+00,4.00e-01,
953,1.68e-01,2.00e+00,4.00e-01,
954,1.68e-01,4.00e+00,2.00e-01,
955,1.68e-01,4.00e+00,2.00e-01,
956,1.68e-01,2.00e+00,0.00e+00,
957,1.68e-01,2.00e+00,0.00e+00,
958,1.72e-01,2.00e+00,2.00e-01,
959,1.72e-01,2.00e+00,2.00e-01,
960,1.68e-01,0.00e+00,2.00e-01,
961,1.68e-01,0.00e+00,2.00e-01,
962,1.72e-01,2.00e+00,4.00e-01,
963,1.72e-01,2.00e+00,4.00e-01,
964,1.68e-01,2.00e+00,0.00e+00,
965,1.68e-01,2.00e+00,0.00e+00,
966,1.68e-01,4.00e+00,0.00e+00,
967,1.68e-01,4.00e+00,0.00e+00,
968,1.68e-01,0.00e+00,2.00e-01,
969,1.68e-01,0.00e+00,2.00e-01,
970,1.64e-01,2.00e+00,2.00e-01,
971,1.64e-01,2.00e+00,2.00e-01,
972,1.64e-01,2.00e+00,0.00e+00,
973,1.64e-01,2.00e+00,0.00e+00,
974,1.64e-01,0.00e+00,0.00e+00,
975,1.64e-01,0.00e+00,0.00e+00,
976,1.68e-01,0.00e+00,2.00e-01,
977,1.68e-01,0.00e+00,2.00e-01,
978,1.68e-01,4.00e+00,2.00e-01,
979,1.68e-01,4.00e+00,2.00e-01,
980,1.68e-01,2.00e+00,2.00e-01,
981,1.68e-01,2.00e+00,2.00e-01,
982,1.68e-01,2.00e+00,0.00e+00,
983,1.68e-01,2.00e+00,0.00e+00,
984,1.64e-01,2.00e+00,2.00e-01,
985,1.64e-01,2.00e+00,2.00e-01,
986,1.68e-01,4.00e+00,2.00e-01,
987,1.68e-01,4.00e+00,2.00e-01,
988,1.72e-01,2.00e+00,2.00e-01,
989,1.72e-01,2.00e+00,2.00e-01,
990,1.64e-01,0.00e+00,2.00e-01,
991,1.64e-01,0.00e+00,2.00e-01,
992,1.68e-01,0.00e+00,2.00e-01,
993,1.68e-01,0.00e+00,2.00e-01,
994,1.68e-01,2.00e+00,0.00e+00,
995,1.68e-01,2.00e+00,0.00e+00,
996,1.68e-01,4.00e+00,0.00e+00,
997,1.68e-01,4.00e+00,0.00e+00,
998,1.68e-01,0.00e+00,0.00e+00,
999,1.68e-01,0.00e+00,0.00e+00,
1000,1.64e-01,2.00e+00,2.00e-01,
1001,1.64e-01,2.00e+00,2.00e-01,
1002,1.64e-01,2.00e+00,2.00e-01,
1003,1.64e-01,2.00e+00,2.00e-01,
1004,1.68e-01,4.00e+00,0.00e+00,
1005,1.68e-01,4.00e+00,0.00e+00,
1006,1.68e-01,0.00e+00,0.00e+00,
1007,1.68e-01,0.00e+00,0.00e+00,
1008,1.64e-01,2.00e+00,2.00e-01,
1009,1.64e-01,2.00e+00,2.00e-01,
1010,1.68e-01,4.00e+00,2.00e-01,
1011,1.68e-01,4.00e+00,2.00e-01,
1012,1.64e-01,4.00e+00,2.00e-01,
1013,1.64e-01,4.00e+00,2.00e-01,
1014,1.64e-01,0.00e+00,2.00e-01,
1015,1.64e-01,0.00e+00,2.00e-01,
1016,1.64e-01,2.00e+00,4.00e-01,
1017,1.64e-01,2.00e+00,4.00e-01,
1018,1.60e-01,2.00e+00,0.00e+00,
1019,1.60e-01,2.00e+00,0.00e+00,
1020,1.64e-01,4.00e+00,0.00e+00,
1021,1.64e-01,4.00e+00,0.00e+00,
1022,1.64e-01,0.00e+00,2.00e-01,
1023,1.64e-01,0.00e+00,2.00e-01,
1024,1.64e-01,2.00e+00,2.00e-01,
1025,1.64e-01,2.00e+00,2.00e-01,
1026,1.68e-01,2.00e+00,2.00e-01,
1027,1.68e-01,2.00e+00,2.00e-01,
1028,1.64e-01,4.00e+00,2.00e-01,
1029,1.64e-01,4.00e+00,2.00e-01,
1030,1.64e-01,2.00e+00,2.00e-01,
1031,1.64e-01,2.00e+00,2.00e-01,
1032,1.68e-01,4.00e+00,0.00e+00,
1033,1.68e-01,4.00e+00,0.00e+00,
1034,1.68e-01,4.00e+00,2.00e-01,
1035,1.68e-01,4.00e+00,2.00e-01,
1036,1.64e-01,0.00e+00,0.00e+00,
1037,1.64e-01,0.00e+00,0.00e+00,
1038,1.60e-01,2.00e+00,0.00e+00,
1039,1.60e-01,2.00e+00,0.00e+00,
1040,1.64e-01,4.00e+00,2.00e-01,
1041,1.64e-01,4.00e+00,2.00e-01,
1042,1.64e-01,2.00e+00,2.00e-01,
1043,1.64e-01,2.00e+00,2.00e-01,
1044,1.64e-01,2.00e+00,0.00e+00,
1045,1.64e-01,2.00e+00,0.00e+00,
1046,1.68e-01,2.00e+00,0.00e+00,
1047,1.68e-01,2.00e+00,0.00e+00,
1048,1.64e-01,2.00e+00,2.00e-01,
1049,1.64e-01,2.00e+00,2.00e-01,
1050,1.64e-01,2.00e+00,2.00e-01,
1051,1.64e-01,2.00e+00,2.00e-01,
1052,1.64e-01,0.00e+00,0.00e+00,
1053,1.64e-01,0.00e+00,0.00e+00,
1054,1.64e-01,2.00e+00,0.00e+00,
1055,1.64e-01,2.00e+00,0.00e+00,
1056,1.64e-01,4.00e+00,0.00e+00,
1057,1.64e-01,4.00e+00,0.00e+00,
1058,1.64e-01,2.00e+00,-2.00e-01,
1059,1.64e-01,2.00e+00,-2.00e-01,
1060,1.68e-01,0.00e+00,2.00e-01,
1061,1.68e-01,0.00e+00,2.00e-01,
1062,1.64e-01,0.00e+00,0.00e+00,
1063,1.64e-01,0.00e+00,0.00e+00,
1064,1.68e-01,2.00e+00,2.00e-01,
1065,1.68e-01,2.00e+00,2.00e-01,
1066,1.68e-01,4.00e+00,2.00e-01,
1067,1.68e-01,4.00e+00,2.00e-01,
1068,1.64e-01,0.00e+00,0.00e+00,
1069,1.64e-01,0.00e+00,0.00e+00,
1070,1.64e-01,2.00e+00,2.00e-01,
1071,1.64e-01,2.00e+00,2.00e-01,
1072,1.68e-01,2.00e+00,0.00e+00,
1073,1.68e-01,2.00e+00,0.00e+00,
1074,1.68e-01,0.00e+00,0.00e+00,
1075,1.68e-01,0.00e+00,0.00e+00,
1076,1.68e-01,0.00e+00,2.00e-01,
1077,1.68e-01,0.00e+00,2.00e-01,
1078,1.68e-01,2.00e+00,0.00e+00,
1079,1.68e-01,2.00e+00,0.00e+00,
1080,1.68e-01,2.00e+00,2.00e-01,
1081,1.68e-01,2.00e+00,2.00e-01,
1082,1.60e-01,2.00e+00,0.00e+00,
1083,1.60e-01,2.00e+00,0.00e+00,
1084,1.64e-01,0.00e+00,2.00e-01,
1085,1.64e-01,0.00e+00,2.00e-01,
1086,1.64e-01,4.00e+00,2.00e-01,
1087,1.64e-01,4.00e+00,2.00e-01,
1088,1.60e-01,2.00e+00,2.00e-01,
1089,1.60e-01,2.00e+00,2.00e-01,
1090,1.60e-01,2.00e+00,0.00e+00,
1091,1.60e-01,2.00e+00,0.00e+00,
1092,1.64e-01,0.00e+00,2.00e-01,
1093,1.64e-01,0.00e+00,2.00e-01,
1094,1.68e-01,2.00e+00,2.00e-01,
1095,1.68e-01,2.00e+00,2.00e-01,
1096,1.64e-01,2.00e+00,0.00e+00,
1097,1.64e-01,2.00e+00,0.00e+00,
1098,1.68e-01,0.00e+00,2.00e-01,
1099,1.68e-01,0.00e+00,2.00e-01,
1100,1.64e-01,0.00e+00,2.00e-01,
1101,1.64e-01,0.00e+00,2.00e-01,
1102,1.68e-01,4.00e+00,0.00e+00,
1103,1.68e-01,4.00e+00,0.00e+00,
1104,1.68e-01,2.00e+00,2.00e-01,
1105,1.68e-01,2.00e+00,2.00e-01,
1106,1.64e-01,2.00e+00,0.00e+00,
1107,1.64e-01,2.00e+00,0.00e+00,
1108,1.60e-01,2.00e+00,2.00e-01,
1109,1.60e-01,2.00e+00,2.00e-01,
1110,1.64e-01,2.00e+00,2.00e-01,
1111,1.64e-01,2.00e+00,2.00e-01,
1112,1.64e-01,4.00e+00,2.00e-01,
1113,1.64e-01,4.00e+00,2.00e-01,
1114,1.64e-01,2.00e+00,0.00e+00,
1115,1.64e-01,2.00e+00,0.00e+00,
1116,1.68e-01,2.00e+00,2.00e-01,
1117,1.68e-01,2.00e+00,2.00e-01,
1118,1.60e-01,2.00e+00,2.00e-01,
1119,1.60e-01,2.00e+00,2.00e-01,
1120,1.64e-01,4.00e+00,2.00e-01,
1121,1.64e-01,4.00e+00,2.00e-01,
1122,1.64e-01,0.00e+00,2.00e-01,
1123,1.64e-01,0.00e+00,2.00e-01,
1124,1.64e-01,2.00e+00,2.00e-01,
1125,1.64e-01,2.00e+00,2.00e-01,
1126,1.64e-01,2.00e+00,0.00e+00,
1127,1.64e-01,2.00e+00,0.00e+00,
1128,1.68e-01,4.00e+00,0.00e+00,
1129,1.68e-01,4.00e+00,0.00e+00,
1130,1.68e-01,2.00e+00,0.00e+00,
1131,1.68e-01,2.00e+00,0.00e+00,
1132,1.68e-01,4.00e+00,0.00e+00,
1133,1.68e-01,4.00e+00,0.00e+00,
1134,1.68e-01,0.00e+00,0.00e+00,
1135,1.68e-01,0.00e+00,0.00e+00,
1136,1.68e-01,2.00e+00,2.00e-01,
1137,1.68e-01,2.00e+00,2.00e-01,
1138,1.68e-01,0.00e+00,0.00e+00,
1139,1.68e-01,0.00e+00,0.00e+00,
1140,1.68e-01,2.00e+00,0.00e+00,
1141,1.68e-01,2.00e+00,0.00e+00,
1142,1.64e-01,2.00e+00,0.00e+00,
1143,1.64e-01,2.00e+00,0.00e+00,
1144,1.68e-01,2.00e+00,0.00e+00,
1145,1.68e-01,2.00e+00,0.00e+00,
1146,1.60e-01,0.00e+00,2.00e-01,
1147,1.60e-01,0.00e+00,2.00e-01,
1148,1.68e-01,2.00e+00,0.00e+00,
1149,1.68e-01,2.00e+00,0.00e+00,
1150,1.64e-01,4.00e+00,2.00e-01,
1151,1.64e-01,4.00e+00,2.00e-01,
1152,1.68e-01,2.00e+00,0.00e+00,
1153,1.68e-01,2.00e+00,0.00e+00,
1154,1.72e-01,4.00e+00,0.00e+00,
1155,1.72e-01,4.00e+00,0.00e+00,
1156,1.64e-01,2.00e+00,0.00e+00,
1157,1.64e-01,2.00e+00,0.00e+00,
1158,1.68e-01,4.00e+00,0.00e+00,
1159,1.68e-01,4.00e+00,0.00e+00,
1160,1.64e-01,2.00e+00,0.00e+00,
1161,1.64e-01,2.00e+00,0.00e+00,
1162,1.68e-01,2.00e+00,0.00e+00,
1163,1.68e-01,2.00e+00,0.00e+00,
1164,1.68e-01,4.00e+00,2.00e-01,
1165,1.68e-01,4.00e+00,2.00e-01,
1166,1.68e-01,2.00e+00,0.00e+00,
1167,1.68e-01,2.00e+00,0.00e+00,
1168,1.68e-01,0.00e+00,2.00e-01,
1169,1.68e-01,0.00e+00,2.00e-01,
1170,1.64e-01,4.00e+00,2.00e-01,
1171,1.64e-01,4.00e+00,2.00e-01,
1172,1.68e-01,0.00e+00,0.00e+00,
1173,1.68e-01,0.00e+00,0.00e+00,
1174,1.68e-01,4.00e+00,2.00e-01,
1175,1.68e-01,4.00e+00,2.00e-01,
1176,1.68e-01,0.00e+00,0.00e+00,
1177,1.68e-01,0.00e+00,0.00e+00,
1178,1.68e-01,2.00e+00,0.00e+00,
1179,1.68e-01,2.00e+00,0.00e+00,
1180,1.68e-01,2.00e+00,0.00e+00,
1181,1.68e-01,2.00e+00,0.00e+00,
1182,1.68e-01,2.00e+00,2.00e-01,
1183,1.68e-01,2.00e+00,2.00e-01,
1184,1.68e-01,0.00e+00,2.00e-01,
1185,1.68e-01,0.00e+00,2.00e-01,
1186,1.68e-01,2.00e+00,0.00e+00,
1187,1.68e-01,2.00e+00,0.00e+00,
1188,1.68e-01,2.00e+00,0.00e+00,
1189,1.68e-01,2.00e+00,0.00e+00,
1190,1.64e-01,4.00e+00,0.00e+00,
1191,1.64e-01,4.00e+00,0.00e+00,
1192,1.64e-01,0.00e+00,2.00e-01,
1193,1.64e-01,0.00e+00,2.00e-01,
1194,1.64e-01,2.00e+00,2.00e-01,
1195,1.64e-01,2.00e+00,2.00e-01,
1196,1.64e-01,2.00e+00,0.00e+00,
1197,1.64e-01,2.00e+00,0.00e+00,
1198,1.68e-01,0.00e+00,2.00e-01,
1199,1.68e-01,0.00e+00,2.00e-01,
